seq8_137	seq8_176	8696	0	-	+	+	83	0	14714	0	s	s
seq8_137	seq8_175	8854	0	-	+	+	99	0	14556	0	s	s
seq8_176	seq8_175	161	0	-	+	+	100	0	14675	0	s	s
seq8_137	seq8_132	10058	0	-	+	+	72	0	13352	0	s	s
seq8_176	seq8_132	1373	0	-	+	+	92	0	16426	0	s	s
seq8_175	seq8_132	1202	0	-	+	+	92	0	13473	0	s	s
seq8_137	seq8_113	10636	0	-	+	+	65	0	12774	0	s	s
seq8_176	seq8_113	1957	0	-	+	+	89	0	15842	0	s	s
seq8_175	seq8_113	1773	0	-	+	+	88	0	12902	0	s	s
seq8_132	seq8_113	563	0	-	+	+	97	0	17905	0	s	s
seq8_137	seq8_141	11593	0	-	+	+	100	0	10384	0	s	s
seq8_176	seq8_141	2930	0	-	+	+	100	0	10384	0	s	s
seq8_175	seq8_141	2710	0	-	+	+	100	0	10384	0	s	s
seq8_132	seq8_141	1542	0	-	+	+	100	0	10384	0	s	s
seq8_113	seq8_141	973	0	-	+	+	100	0	10384	0	s	s
seq8_137	seq8_167	14517	0	-	+	+	38	0	8893	0	s	s
seq8_176	seq8_167	5831	0	-	+	+	67	0	11968	0	s	s
seq8_175	seq8_167	5660	0	-	+	+	61	0	9015	0	s	s
seq8_132	seq8_167	4423	0	-	+	+	76	0	14045	0	s	s
seq8_113	seq8_167	3890	0	-	+	+	80	0	15761	0	s	s
seq8_141	seq8_167	2938	0	-	+	+	72	0	7446	0	s	s
seq8_137	seq8_128	14760	0	-	+	+	100	0	7785	0	s	s
seq8_176	seq8_128	6079	0	-	+	+	100	0	7785	0	s	s
seq8_175	seq8_128	5898	0	-	+	+	100	0	7785	0	s	s
seq8_132	seq8_128	4702	0	-	+	+	100	0	7785	0	s	s
seq8_113	seq8_128	4149	0	-	+	+	100	0	7785	0	s	s
seq8_141	seq8_128	3176	0	-	+	+	93	0	7208	0	s	s
seq8_167	seq8_128	233	0	-	+	+	100	0	7785	0	s	s
seq8_137	seq8_154	16286	0	-	+	+	68	0	7124	0	s	s
seq8_176	seq8_154	7595	0	-	+	+	97	0	10204	0	s	s
seq8_175	seq8_154	7432	0	-	+	+	69	0	7243	0	s	s
seq8_132	seq8_154	6226	0	-	+	+	100	0	10529	0	s	s
seq8_113	seq8_154	5636	0	-	+	+	100	0	10529	0	s	s
seq8_141	seq8_154	4684	0	-	+	+	55	0	5700	0	s	s
seq8_167	seq8_154	1764	0	-	+	+	100	0	10529	0	s	s
seq8_128	seq8_154	1520	0	-	+	+	80	0	6265	0	s	s
seq8_137	seq8_171	16690	0	-	+	+	39	0	6720	0	s	s
seq8_176	seq8_171	8007	0	-	+	+	57	0	9792	0	s	s
seq8_175	seq8_171	7831	0	-	+	+	47	0	6844	0	s	s
seq8_132	seq8_171	6618	0	-	+	+	69	0	11850	0	s	s
seq8_113	seq8_171	6045	0	-	+	+	79	0	13606	0	s	s
seq8_141	seq8_171	5086	0	-	+	+	51	0	5298	0	s	s
seq8_167	seq8_171	2225	0	-	+	+	100	0	17251	0	s	s
seq8_128	seq8_171	1917	0	-	+	+	75	0	5868	0	s	s
seq8_154	seq8_171	407	0	-	+	+	96	0	10122	0	s	s
seq8_137	seq8_134	17930	0	-	+	+	25	0	5480	0	s	s
seq8_176	seq8_134	9248	0	-	+	+	48	0	8551	0	s	s
seq8_175	seq8_134	9069	0	-	+	+	38	0	5606	0	s	s
seq8_132	seq8_134	7883	0	-	+	+	57	0	10585	0	s	s
seq8_113	seq8_134	7326	0	-	+	+	63	0	12325	0	s	s
seq8_141	seq8_134	6334	0	-	+	+	39	0	4050	0	s	s
seq8_167	seq8_134	3725	0	-	+	+	100	0	22219	0	s	s
seq8_128	seq8_134	3154	0	-	+	+	59	0	4631	0	s	s
seq8_154	seq8_134	1662	0	-	+	+	84	0	8867	0	s	s
seq8_171	seq8_134	1244	0	-	+	+	93	0	16007	0	s	s
seq8_137	seq8_182	18430	0	-	+	+	67	0	4980	0	s	s
seq8_176	seq8_182	9757	0	-	+	+	100	0	7431	0	s	s
seq8_175	seq8_182	9573	0	-	+	+	69	0	5102	0	s	s
seq8_132	seq8_182	8394	0	-	+	+	100	0	7431	0	s	s
seq8_113	seq8_182	7801	0	-	+	+	100	0	7431	0	s	s
seq8_141	seq8_182	6855	0	-	+	+	47	0	3529	0	s	s
seq8_167	seq8_182	3933	0	-	+	+	100	0	7431	0	s	s
seq8_128	seq8_182	3684	0	-	+	+	55	0	4101	0	s	s
seq8_154	seq8_182	2174	0	-	+	+	100	0	7431	0	s	s
seq8_171	seq8_182	1758	0	-	+	+	100	0	7431	0	s	s
seq8_134	seq8_182	523	0	-	+	+	100	0	7431	0	s	s
seq8_137	seq8_75	19218	0	-	+	+	52	0	4192	0	s	s
seq8_176	seq8_75	10855	0	-	+	+	86	0	6944	0	s	s
seq8_175	seq8_75	10362	0	-	+	+	54	0	4313	0	s	s
seq8_132	seq8_75	9477	0	-	+	+	100	0	8047	0	s	s
seq8_113	seq8_75	8906	0	-	+	+	100	0	8047	0	s	s
seq8_141	seq8_75	7600	0	-	+	+	35	0	2784	0	s	s
seq8_167	seq8_75	5039	0	-	+	+	100	0	8047	0	s	s
seq8_128	seq8_75	4439	0	-	+	+	43	0	3346	0	s	s
seq8_154	seq8_75	3254	0	-	+	+	90	0	7275	0	s	s
seq8_171	seq8_75	2860	0	-	+	+	100	0	8047	0	s	s
seq8_134	seq8_75	1586	0	-	+	+	100	0	8047	0	s	s
seq8_182	seq8_75	785	0	-	+	+	89	0	6646	0	s	s
seq8_137	seq8_52	19293	0	-	+	+	100	0	3059	0	s	s
seq8_176	seq8_52	10624	0	-	+	+	100	0	3059	0	s	s
seq8_175	seq8_52	10428	0	-	+	+	100	0	3059	0	s	s
seq8_132	seq8_52	9241	0	-	+	+	100	0	3059	0	s	s
seq8_113	seq8_52	8682	0	-	+	+	100	0	3059	0	s	s
seq8_141	seq8_52	7700	0	-	+	+	88	0	2684	0	s	s
seq8_167	seq8_52	4773	0	-	+	+	100	0	3059	0	s	s
seq8_128	seq8_52	4531	0	-	+	+	100	0	3059	0	s	s
seq8_154	seq8_52	3015	0	-	+	+	100	0	3059	0	s	s
seq8_171	seq8_52	2614	0	-	+	+	100	0	3059	0	s	s
seq8_134	seq8_52	1374	0	-	+	+	100	0	3059	0	s	s
seq8_182	seq8_52	843	0	-	+	+	100	0	3059	0	s	s
seq8_75	seq8_52	93	0	-	+	+	100	0	3059	0	s	s
seq8_137	seq8_95	19393	0	-	+	+	44	0	4017	0	s	s
seq8_176	seq8_95	10715	0	-	+	+	77	0	7084	0	s	s
seq8_175	seq8_95	10531	0	-	+	+	45	0	4144	0	s	s
seq8_132	seq8_95	9341	0	-	+	+	99	0	9127	0	s	s
seq8_113	seq8_95	8778	0	-	+	+	100	0	9194	0	s	s
seq8_141	seq8_95	7806	0	-	+	+	28	0	2578	0	s	s
seq8_167	seq8_95	4911	0	-	+	+	100	0	9194	0	s	s
seq8_128	seq8_95	4629	0	-	+	+	41	0	3156	0	s	s
seq8_154	seq8_95	3131	0	-	+	+	80	0	7398	0	s	s
seq8_171	seq8_95	2718	0	-	+	+	100	0	9194	0	s	s
seq8_134	seq8_95	1456	0	-	+	+	100	0	9194	0	s	s
seq8_182	seq8_95	948	0	-	+	+	87	0	6483	0	s	s
seq8_52	seq8_95	94	0	-	+	+	97	0	2965	0	s	s
seq8_137	seq8_37	20896	0	-	+	+	48	0	2514	0	s	s
seq8_176	seq8_37	12225	0	-	+	+	100	0	5267	0	s	s
seq8_175	seq8_37	12034	0	-	+	+	50	0	2641	0	s	s
seq8_132	seq8_37	10856	0	-	+	+	100	0	5267	0	s	s
seq8_113	seq8_37	10269	0	-	+	+	100	0	5267	0	s	s
seq8_141	seq8_37	9309	0	-	+	+	20	0	1075	0	s	s
seq8_167	seq8_37	6397	0	-	+	+	100	0	5267	0	s	s
seq8_128	seq8_37	6130	0	-	+	+	31	0	1655	0	s	s
seq8_154	seq8_37	4629	0	-	+	+	100	0	5267	0	s	s
seq8_171	seq8_37	4220	0	-	+	+	100	0	5267	0	s	s
seq8_134	seq8_37	2987	0	-	+	+	100	0	5267	0	s	s
seq8_182	seq8_37	2458	0	-	+	+	94	0	4973	0	s	s
seq8_75	seq8_37	1449	0	-	+	+	100	0	5267	0	s	s
seq8_52	seq8_37	1605	0	-	+	+	48	0	1454	0	s	s
seq8_95	seq8_37	1516	0	-	+	+	100	0	5267	0	s	s
seq8_137	seq8_77	21924	0	-	+	+	100	0	1371	0	s	s
seq8_176	seq8_77	13235	0	-	+	+	100	0	1371	0	s	s
seq8_175	seq8_77	13067	0	-	+	+	100	0	1371	0	s	s
seq8_132	seq8_77	11869	0	-	+	+	100	0	1371	0	s	s
seq8_113	seq8_77	11294	0	-	+	+	100	0	1371	0	s	s
seq8_167	seq8_77	7408	0	-	+	+	100	0	1371	0	s	s
seq8_154	seq8_77	5638	0	-	+	+	100	0	1371	0	s	s
seq8_171	seq8_77	5236	0	-	+	+	100	0	1371	0	s	s
seq8_134	seq8_77	3995	0	-	+	+	100	0	1371	0	s	s
seq8_182	seq8_77	3489	0	-	+	+	100	0	1371	0	s	s
seq8_75	seq8_77	2714	0	-	+	+	100	0	1371	0	s	s
seq8_95	seq8_77	2533	0	-	+	+	100	0	1371	0	s	s
seq8_37	seq8_77	1028	0	-	+	+	100	0	1371	0	s	s
seq8_137	seq8_158	22206	0	-	+	+	52	0	1204	0	s	s
seq8_176	seq8_158	13502	0	-	+	+	100	0	2323	0	s	s
seq8_175	seq8_158	13345	0	-	+	+	57	0	1330	0	s	s
seq8_132	seq8_158	12138	0	-	+	+	100	0	2323	0	s	s
seq8_113	seq8_158	11563	0	-	+	+	100	0	2323	0	s	s
seq8_167	seq8_158	7677	0	-	+	+	100	0	2323	0	s	s
seq8_154	seq8_158	5925	0	-	+	+	100	0	2323	0	s	s
seq8_171	seq8_158	5512	0	-	+	+	100	0	2323	0	s	s
seq8_134	seq8_158	4288	0	-	+	+	100	0	2323	0	s	s
seq8_182	seq8_158	3756	0	-	+	+	100	0	2323	0	s	s
seq8_75	seq8_158	2981	0	-	+	+	100	0	2323	0	s	s
seq8_95	seq8_158	2811	0	-	+	+	100	0	2323	0	s	s
seq8_37	seq8_158	1303	0	-	+	+	100	0	2323	0	s	s
seq8_77	seq8_158	278	0	-	+	+	80	0	1093	0	s	s
seq8_176	seq8_173	13929	0	-	+	+	49	0	3870	0	s	s
seq8_132	seq8_173	12537	0	-	+	+	75	0	5931	0	s	s
seq8_113	seq8_173	11981	0	-	+	+	98	0	7670	0	s	s
seq8_167	seq8_173	8089	0	-	+	+	100	0	7864	0	s	s
seq8_154	seq8_173	6322	0	-	+	+	53	0	4207	0	s	s
seq8_171	seq8_173	5933	0	-	+	+	100	0	7864	0	s	s
seq8_134	seq8_173	4660	0	-	+	+	100	0	7864	0	s	s
seq8_182	seq8_173	4142	0	-	+	+	44	0	3289	0	s	s
seq8_75	seq8_173	3068	0	-	+	+	63	0	4979	0	s	s
seq8_95	seq8_173	3194	0	-	+	+	76	0	6000	0	s	s
seq8_37	seq8_173	1687	0	-	+	+	68	0	3580	0	s	s
seq8_158	seq8_173	388	0	-	+	+	83	0	1935	0	s	s
seq8_176	seq8_136	14466	0	-	+	+	67	0	3333	0	s	s
seq8_132	seq8_136	13106	0	-	+	+	100	0	4949	0	s	s
seq8_113	seq8_136	12529	0	-	+	+	100	0	4949	0	s	s
seq8_167	seq8_136	8658	0	-	+	+	100	0	4949	0	s	s
seq8_154	seq8_136	6874	0	-	+	+	74	0	3655	0	s	s
seq8_171	seq8_136	6471	0	-	+	+	100	0	4949	0	s	s
seq8_134	seq8_136	5202	0	-	+	+	100	0	4949	0	s	s
seq8_182	seq8_136	4690	0	-	+	+	55	0	2741	0	s	s
seq8_75	seq8_136	3616	0	-	+	+	90	0	4431	0	s	s
seq8_95	seq8_136	3748	0	-	+	+	100	0	4949	0	s	s
seq8_37	seq8_136	2233	0	-	+	+	61	0	3034	0	s	s
seq8_158	seq8_136	933	0	-	+	+	60	0	1390	0	s	s
seq8_173	seq8_136	541	0	-	+	+	100	0	4949	0	s	s
seq8_176	seq8_8	14481	0	-	+	+	100	0	2198	0	s	s
seq8_132	seq8_8	13118	0	-	+	+	100	0	2198	0	s	s
seq8_113	seq8_8	12545	0	-	+	+	100	0	2198	0	s	s
seq8_167	seq8_8	8661	0	-	+	+	100	0	2198	0	s	s
seq8_154	seq8_8	6902	0	-	+	+	100	0	2198	0	s	s
seq8_171	seq8_8	6490	0	-	+	+	100	0	2198	0	s	s
seq8_134	seq8_8	5246	0	-	+	+	100	0	2198	0	s	s
seq8_182	seq8_8	4727	0	-	+	+	100	0	2198	0	s	s
seq8_75	seq8_8	3953	0	-	+	+	100	0	2198	0	s	s
seq8_95	seq8_8	3786	0	-	+	+	100	0	2198	0	s	s
seq8_37	seq8_8	2265	0	-	+	+	100	0	2198	0	s	s
seq8_158	seq8_8	985	0	-	+	+	61	0	1338	0	s	s
seq8_173	seq8_8	598	0	-	+	+	100	0	2198	0	s	s
seq8_136	seq8_8	39	0	-	+	+	100	0	2198	0	s	s
seq8_176	seq8_89	15582	0	-	+	+	100	0	2057	0	s	s
seq8_132	seq8_89	14214	0	-	+	+	100	0	2057	0	s	s
seq8_113	seq8_89	13624	0	-	+	+	100	0	2057	0	s	s
seq8_167	seq8_89	9751	0	-	+	+	100	0	2057	0	s	s
seq8_154	seq8_89	7987	0	-	+	+	100	0	2057	0	s	s
seq8_171	seq8_89	7579	0	-	+	+	100	0	2057	0	s	s
seq8_134	seq8_89	6344	0	-	+	+	100	0	2057	0	s	s
seq8_182	seq8_89	5816	0	-	+	+	79	0	1615	0	s	s
seq8_75	seq8_89	4736	0	-	+	+	100	0	2057	0	s	s
seq8_95	seq8_89	4870	0	-	+	+	100	0	2057	0	s	s
seq8_37	seq8_89	3359	0	-	+	+	93	0	1908	0	s	s
seq8_173	seq8_89	1662	0	-	+	+	100	0	2057	0	s	s
seq8_136	seq8_89	1120	0	-	+	+	100	0	2057	0	s	s
seq8_8	seq8_89	1088	0	-	+	+	54	0	1110	0	s	s
seq8_176	seq8_81	15693	0	-	+	+	50	0	2106	0	s	s
seq8_132	seq8_81	14322	0	-	+	+	99	0	4146	0	s	s
seq8_113	seq8_81	13758	0	-	+	+	100	0	4196	0	s	s
seq8_167	seq8_81	9894	0	-	+	+	100	0	4196	0	s	s
seq8_154	seq8_81	8112	0	-	+	+	58	0	2417	0	s	s
seq8_171	seq8_81	7697	0	-	+	+	100	0	4196	0	s	s
seq8_134	seq8_81	6436	0	-	+	+	100	0	4196	0	s	s
seq8_182	seq8_81	5918	0	-	+	+	36	0	1513	0	s	s
seq8_75	seq8_81	4860	0	-	+	+	76	0	3187	0	s	s
seq8_95	seq8_81	4977	0	-	+	+	100	0	4196	0	s	s
seq8_37	seq8_81	3466	0	-	+	+	43	0	1801	0	s	s
seq8_173	seq8_81	1785	0	-	+	+	100	0	4196	0	s	s
seq8_136	seq8_81	1246	0	-	+	+	88	0	3703	0	s	s
seq8_8	seq8_81	1196	0	-	+	+	46	0	1002	0	s	s
seq8_89	seq8_81	111	0	-	+	+	95	0	1946	0	s	s
seq8_176	seq8_152	16070	0	-	+	+	17	0	1729	0	s	s
seq8_132	seq8_152	14690	0	-	+	+	37	0	3778	0	s	s
seq8_113	seq8_152	14128	0	-	+	+	54	0	5523	0	s	s
seq8_167	seq8_152	10284	0	-	+	+	100	0	10227	0	s	s
seq8_154	seq8_152	8472	0	-	+	+	20	0	2057	0	s	s
seq8_171	seq8_152	8057	0	-	+	+	90	0	9194	0	s	s
seq8_134	seq8_152	6804	0	-	+	+	100	0	10227	0	s	s
seq8_182	seq8_152	6298	0	-	+	+	15	0	1133	0	s	s
seq8_75	seq8_152	5212	0	-	+	+	35	0	2835	0	s	s
seq8_95	seq8_152	5351	0	-	+	+	42	0	3843	0	s	s
seq8_37	seq8_152	3844	0	-	+	+	27	0	1423	0	s	s
seq8_173	seq8_152	2147	0	-	+	+	73	0	5717	0	s	s
seq8_136	seq8_152	1593	0	-	+	+	68	0	3356	0	s	s
seq8_89	seq8_152	486	0	-	+	+	76	0	1571	0	s	s
seq8_81	seq8_152	370	0	-	+	+	91	0	3826	0	s	s
seq8_176	seq8_148	16543	0	-	+	+	100	0	1139	0	s	s
seq8_132	seq8_148	15171	0	-	+	+	100	0	1139	0	s	s
seq8_113	seq8_148	14582	0	-	+	+	100	0	1139	0	s	s
seq8_167	seq8_148	10712	0	-	+	+	100	0	1139	0	s	s
seq8_154	seq8_148	8948	0	-	+	+	100	0	1139	0	s	s
seq8_171	seq8_148	8539	0	-	+	+	100	0	1139	0	s	s
seq8_134	seq8_148	7301	0	-	+	+	100	0	1139	0	s	s
seq8_75	seq8_148	5693	0	-	+	+	100	0	1139	0	s	s
seq8_95	seq8_148	5829	0	-	+	+	100	0	1139	0	s	s
seq8_173	seq8_148	2619	0	-	+	+	100	0	1139	0	s	s
seq8_136	seq8_148	2076	0	-	+	+	100	0	1139	0	s	s
seq8_89	seq8_148	960	0	-	+	+	96	0	1097	0	s	s
seq8_81	seq8_148	850	0	-	+	+	100	0	1139	0	s	s
seq8_152	seq8_148	477	0	-	+	+	100	0	1139	0	s	s
seq8_176	seq8_184	16694	0	-	+	+	27	0	1105	0	s	s
seq8_132	seq8_184	15320	0	-	+	+	77	0	3148	0	s	s
seq8_113	seq8_184	14754	0	-	+	+	100	0	4086	0	s	s
seq8_167	seq8_184	10874	0	-	+	+	100	0	4086	0	s	s
seq8_154	seq8_184	9087	0	-	+	+	35	0	1442	0	s	s
seq8_171	seq8_184	8690	0	-	+	+	100	0	4086	0	s	s
seq8_134	seq8_184	7435	0	-	+	+	100	0	4086	0	s	s
seq8_75	seq8_184	5838	0	-	+	+	54	0	2209	0	s	s
seq8_95	seq8_184	5974	0	-	+	+	79	0	3220	0	s	s
seq8_173	seq8_184	2782	0	-	+	+	100	0	4086	0	s	s
seq8_136	seq8_184	2233	0	-	+	+	66	0	2716	0	s	s
seq8_81	seq8_184	997	0	-	+	+	78	0	3199	0	s	s
seq8_152	seq8_184	616	0	-	+	+	100	0	4086	0	s	s
seq8_132	seq8_14	16481	0	-	+	+	46	0	1987	0	s	s
seq8_113	seq8_14	15942	0	-	+	+	86	0	3709	0	s	s
seq8_167	seq8_14	12055	0	-	+	+	100	0	4306	0	s	s
seq8_171	seq8_14	9892	0	-	+	+	100	0	4306	0	s	s
seq8_134	seq8_14	8613	0	-	+	+	100	0	4306	0	s	s
seq8_75	seq8_14	6992	0	-	+	+	25	0	1055	0	s	s
seq8_95	seq8_14	7148	0	-	+	+	48	0	2046	0	s	s
seq8_173	seq8_14	3958	0	-	+	+	91	0	3906	0	s	s
seq8_136	seq8_14	3381	0	-	+	+	36	0	1568	0	s	s
seq8_81	seq8_14	2166	0	-	+	+	48	0	2030	0	s	s
seq8_152	seq8_14	1805	0	-	+	+	100	0	4306	0	s	s
seq8_184	seq8_14	1187	0	-	+	+	71	0	2899	0	s	s
seq8_113	seq8_108	17837	0	-	+	+	19	0	1814	0	s	s
seq8_167	seq8_108	14214	0	-	+	+	100	0	9699	0	s	s
seq8_171	seq8_108	11993	0	-	+	+	54	0	5258	0	s	s
seq8_134	seq8_108	10492	0	-	+	+	100	0	9699	0	s	s
seq8_173	seq8_108	5876	0	-	+	+	25	0	1988	0	s	s
seq8_152	seq8_108	3929	0	-	+	+	65	0	6298	0	s	s
seq8_14	seq8_108	2162	0	-	+	+	50	0	2144	0	s	s
seq8_167	seq8_33	15560	0	-	+	+	100	0	9160	0	s	s
seq8_171	seq8_33	13316	0	-	+	+	43	0	3935	0	s	s
seq8_134	seq8_33	11843	0	-	+	+	100	0	9160	0	s	s
seq8_152	seq8_33	5294	0	-	+	+	54	0	4933	0	s	s
seq8_108	seq8_33	1345	0	-	+	+	91	0	8354	0	s	s
seq8_167	seq8_54	17823	0	-	+	+	100	0	1634	0	s	s
seq8_171	seq8_54	15597	0	-	+	+	100	0	1634	0	s	s
seq8_134	seq8_54	14355	0	-	+	+	100	0	1634	0	s	s
seq8_152	seq8_54	7541	0	-	+	+	100	0	1634	0	s	s
seq8_108	seq8_54	3605	0	-	+	+	100	0	1634	0	s	s
seq8_33	seq8_54	2281	0	-	+	+	100	0	1634	0	s	s
seq8_167	seq8_68	18074	0	-	+	+	100	0	5192	0	s	s
seq8_134	seq8_68	14330	0	-	+	+	100	0	5192	0	s	s
seq8_152	seq8_68	7772	0	-	+	+	47	0	2455	0	s	s
seq8_108	seq8_68	3848	0	-	+	+	100	0	5192	0	s	s
seq8_33	seq8_68	2516	0	-	+	+	100	0	5192	0	s	s
seq8_54	seq8_68	234	0	-	+	+	86	0	1400	0	s	s
seq8_167	seq8_29	18403	0	-	+	+	100	0	3608	0	s	s
seq8_134	seq8_29	14651	0	-	+	+	100	0	3608	0	s	s
seq8_152	seq8_29	8119	0	-	+	+	58	0	2108	0	s	s
seq8_108	seq8_29	4167	0	-	+	+	100	0	3608	0	s	s
seq8_33	seq8_29	2830	0	-	+	+	100	0	3608	0	s	s
seq8_54	seq8_29	575	0	-	+	+	65	0	1059	0	s	s
seq8_68	seq8_29	321	0	-	+	+	100	0	3608	0	s	s
seq8_167	seq8_50	18962	0	-	+	+	100	0	3003	0	s	s
seq8_134	seq8_50	15211	0	-	+	+	100	0	3003	0	s	s
seq8_152	seq8_50	8683	0	-	+	+	51	0	1544	0	s	s
seq8_108	seq8_50	4728	0	-	+	+	100	0	3003	0	s	s
seq8_33	seq8_50	3392	0	-	+	+	100	0	3003	0	s	s
seq8_68	seq8_50	884	0	-	+	+	100	0	3003	0	s	s
seq8_29	seq8_50	563	0	-	+	+	100	0	3003	0	s	s
seq8_167	seq8_45	19472	0	-	+	+	100	0	5951	0	s	s
seq8_134	seq8_45	15737	0	-	+	+	100	0	5951	0	s	s
seq8_152	seq8_45	9148	0	-	+	+	18	0	1079	0	s	s
seq8_108	seq8_45	5228	0	-	+	+	75	0	4471	0	s	s
seq8_33	seq8_45	3879	0	-	+	+	89	0	5281	0	s	s
seq8_68	seq8_45	1360	0	-	+	+	74	0	3832	0	s	s
seq8_29	seq8_45	1026	0	-	+	+	72	0	2582	0	s	s
seq8_50	seq8_45	466	0	-	+	+	84	0	2537	0	s	s
seq8_167	seq8_64	20594	0	-	+	+	100	0	6520	0	s	s
seq8_134	seq8_64	16847	0	-	+	+	82	0	5372	0	s	s
seq8_108	seq8_64	6372	0	-	+	+	51	0	3327	0	s	s
seq8_33	seq8_64	5002	0	-	+	+	64	0	4158	0	s	s
seq8_68	seq8_64	2508	0	-	+	+	52	0	2684	0	s	s
seq8_29	seq8_64	2193	0	-	+	+	39	0	1415	0	s	s
seq8_50	seq8_64	1626	0	-	+	+	46	0	1377	0	s	s
seq8_45	seq8_64	1097	0	-	+	+	82	0	4854	0	s	s
seq8_167	seq8_28	20644	0	-	+	+	100	0	3895	0	s	s
seq8_134	seq8_28	16912	0	-	+	+	100	0	3895	0	s	s
seq8_108	seq8_28	6432	0	-	+	+	84	0	3267	0	s	s
seq8_33	seq8_28	5084	0	-	+	+	100	0	3895	0	s	s
seq8_68	seq8_28	2587	0	-	+	+	67	0	2605	0	s	s
seq8_29	seq8_28	2279	0	-	+	+	37	0	1329	0	s	s
seq8_50	seq8_28	1717	0	-	+	+	43	0	1286	0	s	s
seq8_45	seq8_28	1206	0	-	+	+	100	0	3895	0	s	s
seq8_64	seq8_28	71	0	-	+	+	100	0	3895	0	s	s
seq8_167	seq8_166	20853	0	-	+	+	100	0	1305	0	s	s
seq8_134	seq8_166	17096	0	-	+	+	100	0	1305	0	s	s
seq8_108	seq8_166	6618	0	-	+	+	100	0	1305	0	s	s
seq8_33	seq8_166	5274	0	-	+	+	100	0	1305	0	s	s
seq8_68	seq8_166	2767	0	-	+	+	100	0	1305	0	s	s
seq8_29	seq8_166	2442	0	-	+	+	89	0	1166	0	s	s
seq8_50	seq8_166	1878	0	-	+	+	86	0	1125	0	s	s
seq8_45	seq8_166	1423	0	-	+	+	100	0	1305	0	s	s
seq8_64	seq8_166	251	0	-	+	+	100	0	1305	0	s	s
seq8_28	seq8_166	172	0	-	+	+	100	0	1305	0	s	s
seq8_167	seq8_100	21178	0	-	+	+	100	0	3936	0	s	s
seq8_134	seq8_100	17446	0	-	+	+	100	0	3936	0	s	s
seq8_108	seq8_100	6962	0	-	+	+	70	0	2737	0	s	s
seq8_33	seq8_100	5616	0	-	+	+	90	0	3544	0	s	s
seq8_68	seq8_100	3113	0	-	+	+	53	0	2079	0	s	s
seq8_45	seq8_100	1720	0	-	+	+	100	0	3936	0	s	s
seq8_64	seq8_100	612	0	-	+	+	100	0	3936	0	s	s
seq8_28	seq8_100	539	0	-	+	+	86	0	3356	0	s	s
seq8_167	seq8_21	21832	0	-	+	+	100	0	4231	0	s	s
seq8_134	seq8_21	18107	0	-	+	+	97	0	4112	0	s	s
seq8_108	seq8_21	7638	0	-	+	+	49	0	2061	0	s	s
seq8_33	seq8_21	6290	0	-	+	+	68	0	2870	0	s	s
seq8_68	seq8_21	3780	0	-	+	+	33	0	1412	0	s	s
seq8_45	seq8_21	2387	0	-	+	+	84	0	3564	0	s	s
seq8_64	seq8_21	1264	0	-	+	+	100	0	4231	0	s	s
seq8_28	seq8_21	1209	0	-	+	+	69	0	2686	0	s	s
seq8_100	seq8_21	679	0	-	+	+	83	0	3257	0	s	s
seq8_167	seq8_163	22968	0	-	+	+	100	0	8390	0	s	s
seq8_134	seq8_163	19232	0	-	+	+	36	0	2987	0	s	s
seq8_108	seq8_163	8232	0	-	+	+	17	0	1467	0	s	s
seq8_33	seq8_163	7262	0	-	+	+	23	0	1898	0	s	s
seq8_45	seq8_163	3503	0	-	+	+	41	0	2448	0	s	s
seq8_64	seq8_163	2378	0	-	+	+	64	0	4142	0	s	s
seq8_28	seq8_163	2048	0	-	+	+	47	0	1847	0	s	s
seq8_100	seq8_163	1783	0	-	+	+	55	0	2153	0	s	s
seq8_21	seq8_163	1127	0	-	+	+	73	0	3104	0	s	s
seq8_167	seq8_70	22602	0	-	+	+	100	0	9029	0	s	s
seq8_134	seq8_70	18837	0	-	+	+	37	0	3382	0	s	s
seq8_33	seq8_70	7023	0	-	+	+	24	0	2137	0	s	s
seq8_45	seq8_70	3107	0	-	+	+	48	0	2844	0	s	s
seq8_64	seq8_70	2000	0	-	+	+	69	0	4520	0	s	s
seq8_28	seq8_70	1951	0	-	+	+	50	0	1944	0	s	s
seq8_100	seq8_70	1396	0	-	+	+	65	0	2540	0	s	s
seq8_21	seq8_70	736	0	-	+	+	83	0	3495	0	s	s
seq8_167	seq8_35	22668	0	-	+	+	100	0	4101	0	s	s
seq8_134	seq8_35	18929	0	-	+	+	80	0	3290	0	s	s
seq8_33	seq8_35	7097	0	-	+	+	50	0	2063	0	s	s
seq8_45	seq8_35	3191	0	-	+	+	67	0	2760	0	s	s
seq8_64	seq8_35	2095	0	-	+	+	100	0	4101	0	s	s
seq8_28	seq8_35	2021	0	-	+	+	48	0	1874	0	s	s
seq8_100	seq8_35	1484	0	-	+	+	62	0	2452	0	s	s
seq8_21	seq8_35	816	0	-	+	+	83	0	3415	0	s	s
seq8_70	seq8_35	80	0	-	+	+	100	0	4101	0	s	s
seq8_167	seq8_170	23290	0	-	+	+	100	0	6651	0	s	s
seq8_134	seq8_170	19587	0	-	+	+	40	0	2632	0	s	s
seq8_33	seq8_170	7757	0	-	+	+	21	0	1403	0	s	s
seq8_45	seq8_170	3852	0	-	+	+	35	0	2099	0	s	s
seq8_64	seq8_170	2717	0	-	+	+	58	0	3803	0	s	s
seq8_28	seq8_170	2679	0	-	+	+	31	0	1216	0	s	s
seq8_100	seq8_170	2145	0	-	+	+	46	0	1791	0	s	s
seq8_21	seq8_170	1479	0	-	+	+	65	0	2752	0	s	s
seq8_163	seq8_170	338	0	-	+	+	100	0	6651	0	s	s
seq8_70	seq8_170	707	0	-	+	+	100	0	6651	0	s	s
seq8_35	seq8_170	638	0	-	+	+	84	0	3463	0	s	s
seq8_167	seq8_90	23593	0	-	+	+	100	0	1292	0	s	s
seq8_134	seq8_90	19859	0	-	+	+	100	0	1292	0	s	s
seq8_45	seq8_90	4142	0	-	+	+	100	0	1292	0	s	s
seq8_64	seq8_90	3028	0	-	+	+	100	0	1292	0	s	s
seq8_100	seq8_90	2415	0	-	+	+	100	0	1292	0	s	s
seq8_21	seq8_90	1739	0	-	+	+	100	0	1292	0	s	s
seq8_163	seq8_90	653	0	-	+	+	100	0	1292	0	s	s
seq8_70	seq8_90	1011	0	-	+	+	100	0	1292	0	s	s
seq8_35	seq8_90	926	0	-	+	+	100	0	1292	0	s	s
seq8_170	seq8_90	264	0	-	+	+	100	0	1292	0	s	s
seq8_167	seq8_168	23655	0	-	+	+	97	0	10619	0	s	s
seq8_134	seq8_168	19868	0	-	+	+	21	0	2351	0	s	s
seq8_45	seq8_168	4127	0	-	+	+	31	0	1824	0	s	s
seq8_64	seq8_168	3033	0	-	+	+	53	0	3487	0	s	s
seq8_100	seq8_168	2418	0	-	+	+	39	0	1518	0	s	s
seq8_21	seq8_168	1766	0	-	+	+	58	0	2465	0	s	s
seq8_163	seq8_168	670	0	-	+	+	92	0	7720	0	s	s
seq8_70	seq8_168	1049	0	-	+	+	88	0	7980	0	s	s
seq8_35	seq8_168	955	0	-	+	+	77	0	3146	0	s	s
seq8_170	seq8_168	360	0	-	+	+	95	0	6291	0	s	s
seq8_90	seq8_168	8	0	-	+	+	99	0	1284	0	s	s
seq8_167	seq8_110	24045	0	-	+	+	100	0	3214	0	s	s
seq8_134	seq8_110	20287	0	-	+	+	60	0	1932	0	s	s
seq8_45	seq8_110	4553	0	-	+	+	43	0	1398	0	s	s
seq8_64	seq8_110	3453	0	-	+	+	95	0	3067	0	s	s
seq8_100	seq8_110	2835	0	-	+	+	34	0	1101	0	s	s
seq8_21	seq8_110	2182	0	-	+	+	64	0	2049	0	s	s
seq8_163	seq8_110	1074	0	-	+	+	100	0	3214	0	s	s
seq8_70	seq8_110	1454	0	-	+	+	100	0	3214	0	s	s
seq8_35	seq8_110	1377	0	-	+	+	85	0	2724	0	s	s
seq8_170	seq8_110	729	0	-	+	+	100	0	3214	0	s	s
seq8_168	seq8_110	422	0	-	+	+	100	0	3214	0	s	s
seq8_167	seq8_47	24357	0	-	+	+	100	0	4250	0	s	s
seq8_45	seq8_47	4914	0	-	+	+	24	0	1037	0	s	s
seq8_64	seq8_47	3786	0	-	+	+	64	0	2734	0	s	s
seq8_21	seq8_47	2533	0	-	+	+	40	0	1698	0	s	s
seq8_163	seq8_47	1395	0	-	+	+	100	0	4250	0	s	s
seq8_70	seq8_47	1799	0	-	+	+	100	0	4250	0	s	s
seq8_35	seq8_47	1694	0	-	+	+	59	0	2407	0	s	s
seq8_170	seq8_47	1060	0	-	+	+	100	0	4250	0	s	s
seq8_168	seq8_47	720	0	-	+	+	100	0	4250	0	s	s
seq8_110	seq8_47	337	0	-	+	+	90	0	2877	0	s	s
seq8_167	seq8_109	24691	0	-	+	+	100	0	7495	0	s	s
seq8_64	seq8_109	4097	0	-	+	+	37	0	2423	0	s	s
seq8_21	seq8_109	2838	0	-	+	+	33	0	1393	0	s	s
seq8_163	seq8_109	1699	0	-	+	+	89	0	6691	0	s	s
seq8_70	seq8_109	2077	0	-	+	+	93	0	6952	0	s	s
seq8_35	seq8_109	2011	0	-	+	+	51	0	2090	0	s	s
seq8_170	seq8_109	1400	0	-	+	+	79	0	5251	0	s	s
seq8_168	seq8_109	1042	0	-	+	+	100	0	7495	0	s	s
seq8_110	seq8_109	642	0	-	+	+	80	0	2572	0	s	s
seq8_47	seq8_109	334	0	-	+	+	92	0	3916	0	s	s
seq8_167	seq8_40	25192	0	-	+	+	100	0	2550	0	s	s
seq8_64	seq8_40	4623	0	-	+	+	74	0	1897	0	s	s
seq8_163	seq8_40	2237	0	-	+	+	100	0	2550	0	s	s
seq8_70	seq8_40	2616	0	-	+	+	100	0	2550	0	s	s
seq8_35	seq8_40	2543	0	-	+	+	61	0	1558	0	s	s
seq8_170	seq8_40	1888	0	-	+	+	100	0	2550	0	s	s
seq8_168	seq8_40	1555	0	-	+	+	100	0	2550	0	s	s
seq8_110	seq8_40	1168	0	-	+	+	80	0	2046	0	s	s
seq8_47	seq8_40	836	0	-	+	+	100	0	2550	0	s	s
seq8_109	seq8_40	514	0	-	+	+	100	0	2550	0	s	s
seq8_167	seq8_177	25439	0	-	+	+	92	0	8835	0	s	s
seq8_64	seq8_177	4779	0	-	+	+	27	0	1741	0	s	s
seq8_163	seq8_177	2450	0	-	+	+	71	0	5940	0	s	s
seq8_70	seq8_177	2817	0	-	+	+	69	0	6212	0	s	s
seq8_35	seq8_177	2696	0	-	+	+	34	0	1405	0	s	s
seq8_170	seq8_177	2099	0	-	+	+	68	0	4552	0	s	s
seq8_168	seq8_177	1792	0	-	+	+	96	0	9202	0	s	s
seq8_110	seq8_177	1327	0	-	+	+	59	0	1887	0	s	s
seq8_47	seq8_177	1027	0	-	+	+	76	0	3223	0	s	s
seq8_109	seq8_177	741	0	-	+	+	90	0	6754	0	s	s
seq8_40	seq8_177	173	0	-	+	+	93	0	2377	0	s	s
seq8_167	seq8_172	26179	0	-	+	+	100	0	4471	0	s	s
seq8_163	seq8_172	3229	0	-	+	+	100	0	4471	0	s	s
seq8_70	seq8_172	3577	0	-	+	+	100	0	4471	0	s	s
seq8_170	seq8_172	2901	0	-	+	+	84	0	3750	0	s	s
seq8_168	seq8_172	2533	0	-	+	+	100	0	4471	0	s	s
seq8_110	seq8_172	2121	0	-	+	+	34	0	1093	0	s	s
seq8_47	seq8_172	1801	0	-	+	+	58	0	2449	0	s	s
seq8_109	seq8_172	1498	0	-	+	+	100	0	4471	0	s	s
seq8_40	seq8_172	970	0	-	+	+	62	0	1580	0	s	s
seq8_177	seq8_172	768	0	-	+	+	100	0	4471	0	s	s
seq8_167	seq8_162	26738	0	-	+	+	100	0	6576	0	s	s
seq8_163	seq8_162	3759	0	-	+	+	70	0	4631	0	s	s
seq8_70	seq8_162	4146	0	-	+	+	74	0	4883	0	s	s
seq8_170	seq8_162	3445	0	-	+	+	49	0	3206	0	s	s
seq8_168	seq8_162	3087	0	-	+	+	100	0	6576	0	s	s
seq8_47	seq8_162	2367	0	-	+	+	44	0	1883	0	s	s
seq8_109	seq8_162	2066	0	-	+	+	83	0	5429	0	s	s
seq8_40	seq8_162	1505	0	-	+	+	41	0	1045	0	s	s
seq8_177	seq8_162	1304	0	-	+	+	100	0	6576	0	s	s
seq8_172	seq8_162	541	0	-	+	+	88	0	3930	0	s	s
seq8_167	seq8_25	26711	0	-	+	+	100	0	2014	0	s	s
seq8_163	seq8_25	3758	0	-	+	+	100	0	2014	0	s	s
seq8_70	seq8_25	4146	0	-	+	+	100	0	2014	0	s	s
seq8_170	seq8_25	3418	0	-	+	+	100	0	2014	0	s	s
seq8_168	seq8_25	3073	0	-	+	+	100	0	2014	0	s	s
seq8_47	seq8_25	2354	0	-	+	+	94	0	1896	0	s	s
seq8_109	seq8_25	2029	0	-	+	+	100	0	2014	0	s	s
seq8_177	seq8_25	1332	0	-	+	+	100	0	2014	0	s	s
seq8_172	seq8_25	553	0	-	+	+	100	0	2014	0	s	s
seq8_167	seq8_149	27327	0	-	+	+	100	0	1614	0	s	s
seq8_163	seq8_149	4376	0	-	+	+	100	0	1614	0	s	s
seq8_70	seq8_149	4750	0	-	+	+	100	0	1614	0	s	s
seq8_170	seq8_149	4034	0	-	+	+	100	0	1614	0	s	s
seq8_168	seq8_149	3683	0	-	+	+	100	0	1614	0	s	s
seq8_47	seq8_149	2967	0	-	+	+	79	0	1283	0	s	s
seq8_109	seq8_149	2637	0	-	+	+	100	0	1614	0	s	s
seq8_177	seq8_149	1942	0	-	+	+	100	0	1614	0	s	s
seq8_172	seq8_149	1156	0	-	+	+	100	0	1614	0	s	s
seq8_162	seq8_149	595	0	-	+	+	100	0	1614	0	s	s
seq8_25	seq8_149	608	0	-	+	+	87	0	1406	0	s	s
seq8_167	seq8_38	27443	0	-	+	+	100	0	1680	0	s	s
seq8_163	seq8_38	4497	0	-	+	+	100	0	1680	0	s	s
seq8_70	seq8_38	4875	0	-	+	+	100	0	1680	0	s	s
seq8_170	seq8_38	4147	0	-	+	+	100	0	1680	0	s	s
seq8_168	seq8_38	3802	0	-	+	+	100	0	1680	0	s	s
seq8_47	seq8_38	3086	0	-	+	+	69	0	1164	0	s	s
seq8_109	seq8_38	2759	0	-	+	+	100	0	1680	0	s	s
seq8_177	seq8_38	2054	0	-	+	+	100	0	1680	0	s	s
seq8_172	seq8_38	1271	0	-	+	+	100	0	1680	0	s	s
seq8_162	seq8_38	723	0	-	+	+	100	0	1680	0	s	s
seq8_25	seq8_38	728	0	-	+	+	77	0	1286	0	s	s
seq8_149	seq8_38	115	0	-	+	+	93	0	1499	0	s	s
seq8_167	seq8_27	28397	0	-	+	+	100	0	1796	0	s	s
seq8_163	seq8_27	5452	0	-	+	+	100	0	1796	0	s	s
seq8_70	seq8_27	5805	0	-	+	+	100	0	1796	0	s	s
seq8_170	seq8_27	5123	0	-	+	+	85	0	1528	0	s	s
seq8_168	seq8_27	4752	0	-	+	+	100	0	1796	0	s	s
seq8_109	seq8_27	3713	0	-	+	+	100	0	1796	0	s	s
seq8_177	seq8_27	3006	0	-	+	+	100	0	1796	0	s	s
seq8_172	seq8_27	2215	0	-	+	+	100	0	1796	0	s	s
seq8_162	seq8_27	1674	0	-	+	+	100	0	1796	0	s	s
seq8_167	seq8_56	28493	0	-	+	+	92	0	5781	0	s	s
seq8_163	seq8_56	5525	0	-	+	+	46	0	2865	0	s	s
seq8_70	seq8_56	5894	0	-	+	+	50	0	3135	0	s	s
seq8_170	seq8_56	5178	0	-	+	+	23	0	1473	0	s	s
seq8_168	seq8_56	4841	0	-	+	+	98	0	6153	0	s	s
seq8_109	seq8_56	3799	0	-	+	+	59	0	3696	0	s	s
seq8_177	seq8_56	3051	0	-	+	+	100	0	6276	0	s	s
seq8_172	seq8_56	2300	0	-	+	+	49	0	2171	0	s	s
seq8_162	seq8_56	1766	0	-	+	+	77	0	4810	0	s	s
seq8_27	seq8_56	68	0	-	+	+	96	0	1728	0	s	s
seq8_167	seq8_121	28495	0	-	+	+	100	0	1907	0	s	s
seq8_163	seq8_121	5555	0	-	+	+	100	0	1907	0	s	s
seq8_70	seq8_121	5903	0	-	+	+	100	0	1907	0	s	s
seq8_170	seq8_121	5203	0	-	+	+	76	0	1448	0	s	s
seq8_168	seq8_121	4857	0	-	+	+	100	0	1907	0	s	s
seq8_109	seq8_121	3816	0	-	+	+	100	0	1907	0	s	s
seq8_177	seq8_121	3101	0	-	+	+	100	0	1907	0	s	s
seq8_172	seq8_121	2315	0	-	+	+	100	0	1907	0	s	s
seq8_162	seq8_121	1780	0	-	+	+	100	0	1907	0	s	s
seq8_27	seq8_121	91	0	-	+	+	95	0	1705	0	s	s
seq8_56	seq8_121	28	0	-	+	+	100	0	1907	0	s	s
seq8_167	seq8_46	29209	0	-	+	+	81	0	5065	0	s	s
seq8_163	seq8_46	6243	0	-	+	+	34	0	2147	0	s	s
seq8_70	seq8_46	6604	0	-	+	+	39	0	2425	0	s	s
seq8_168	seq8_46	5551	0	-	+	+	87	0	5443	0	s	s
seq8_109	seq8_46	4514	0	-	+	+	48	0	2981	0	s	s
seq8_177	seq8_46	3745	0	-	+	+	94	0	5890	0	s	s
seq8_172	seq8_46	3041	0	-	+	+	32	0	1430	0	s	s
seq8_162	seq8_46	2449	0	-	+	+	66	0	4127	0	s	s
seq8_56	seq8_46	703	0	-	+	+	89	0	5573	0	s	s
seq8_121	seq8_46	723	0	-	+	+	62	0	1184	0	s	s
seq8_167	seq8_16	30503	0	-	+	+	100	0	2817	0	s	s
seq8_70	seq8_16	7889	0	-	+	+	40	0	1140	0	s	s
seq8_168	seq8_16	6852	0	-	+	+	100	0	2817	0	s	s
seq8_109	seq8_16	5811	0	-	+	+	60	0	1684	0	s	s
seq8_177	seq8_16	5069	0	-	+	+	100	0	2817	0	s	s
seq8_162	seq8_16	3765	0	-	+	+	100	0	2811	0	s	s
seq8_56	seq8_16	1999	0	-	+	+	100	0	2817	0	s	s
seq8_46	seq8_16	1316	0	-	+	+	100	0	2817	0	s	s
seq8_167	seq8_146	30735	0	-	+	+	100	0	2927	0	s	s
seq8_168	seq8_146	7074	0	-	+	+	100	0	2927	0	s	s
seq8_109	seq8_146	6040	0	-	+	+	50	0	1455	0	s	s
seq8_177	seq8_146	5279	0	-	+	+	100	0	2927	0	s	s
seq8_162	seq8_146	3984	0	-	+	+	89	0	2592	0	s	s
seq8_56	seq8_146	2221	0	-	+	+	100	0	2927	0	s	s
seq8_46	seq8_146	1529	0	-	+	+	100	0	2927	0	s	s
seq8_16	seq8_146	219	0	-	+	+	92	0	2598	0	s	s
seq8_167	seq8_13	31329	0	-	+	+	100	0	1972	0	s	s
seq8_168	seq8_13	7678	0	-	+	+	100	0	1972	0	s	s
seq8_177	seq8_13	5896	0	-	+	+	100	0	1972	0	s	s
seq8_162	seq8_13	4591	0	-	+	+	100	0	1972	0	s	s
seq8_56	seq8_13	2825	0	-	+	+	100	0	1972	0	s	s
seq8_46	seq8_13	2142	0	-	+	+	100	0	1972	0	s	s
seq8_16	seq8_13	826	0	-	+	+	100	0	1972	0	s	s
seq8_146	seq8_13	607	0	-	+	+	100	0	1972	0	s	s
seq8_167	seq8_94	31518	0	-	+	+	69	0	2756	0	s	s
seq8_168	seq8_94	7856	0	-	+	+	79	0	3138	0	s	s
seq8_177	seq8_94	6052	0	-	+	+	90	0	3583	0	s	s
seq8_162	seq8_94	4778	0	-	+	+	45	0	1798	0	s	s
seq8_56	seq8_94	3011	0	-	+	+	82	0	3265	0	s	s
seq8_46	seq8_94	2330	0	-	+	+	99	0	3936	0	s	s
seq8_16	seq8_94	1013	0	-	+	+	64	0	1804	0	s	s
seq8_146	seq8_94	796	0	-	+	+	73	0	2131	0	s	s
seq8_13	seq8_94	187	0	-	+	+	91	0	1785	0	s	s
seq8_167	seq8_55	31761	0	-	+	+	100	0	1220	0	s	s
seq8_168	seq8_55	8107	0	-	+	+	100	0	1220	0	s	s
seq8_177	seq8_55	6330	0	-	+	+	100	0	1220	0	s	s
seq8_162	seq8_55	5028	0	-	+	+	100	0	1220	0	s	s
seq8_56	seq8_55	3263	0	-	+	+	100	0	1220	0	s	s
seq8_46	seq8_55	2576	0	-	+	+	100	0	1220	0	s	s
seq8_16	seq8_55	1261	0	-	+	+	100	0	1220	0	s	s
seq8_146	seq8_55	1036	0	-	+	+	100	0	1220	0	s	s
seq8_13	seq8_55	432	0	-	+	+	100	0	1220	0	s	s
seq8_94	seq8_55	247	0	-	+	+	100	0	1220	0	s	s
seq8_168	seq8_142	8933	0	-	+	+	48	0	2061	0	s	s
seq8_177	seq8_142	7137	0	-	+	+	58	0	2498	0	s	s
seq8_56	seq8_142	4093	0	-	+	+	51	0	2183	0	s	s
seq8_46	seq8_142	3399	0	-	+	+	67	0	2867	0	s	s
seq8_146	seq8_142	1877	0	-	+	+	36	0	1050	0	s	s
seq8_94	seq8_142	1063	0	-	+	+	73	0	2930	0	s	s
seq8_168	seq8_129	9903	0	-	+	+	52	0	1091	0	s	s
seq8_177	seq8_129	8106	0	-	+	+	72	0	1529	0	s	s
seq8_56	seq8_129	5059	0	-	+	+	58	0	1217	0	s	s
seq8_46	seq8_129	4380	0	-	+	+	89	0	1886	0	s	s
seq8_94	seq8_129	2044	0	-	+	+	92	0	1949	0	s	s
seq8_142	seq8_129	973	0	-	+	+	100	0	2109	0	s	s
seq8_46	seq8_126	4494	0	-	+	+	28	0	1772	0	s	s
seq8_94	seq8_126	2160	0	-	+	+	46	0	1833	0	s	s
seq8_142	seq8_126	1108	0	-	+	+	74	0	3164	0	s	s
seq8_129	seq8_126	119	0	-	+	+	94	0	1990	0	s	s
seq8_142	seq8_23	2597	0	-	+	+	39	0	1675	0	s	s
seq8_126	seq8_23	1520	0	-	+	+	100	0	5201	0	s	s
seq8_142	seq8_24	3082	0	-	+	+	28	0	1190	0	s	s
seq8_126	seq8_24	1964	0	-	+	+	100	0	5991	0	s	s
seq8_23	seq8_24	487	0	-	+	+	91	0	4714	0	s	s
seq8_126	seq8_131	2480	0	-	+	+	79	0	9237	0	s	s
seq8_23	seq8_131	986	0	-	+	+	81	0	4215	0	s	s
seq8_24	seq8_131	518	0	-	+	+	91	0	5473	0	s	s
seq8_126	seq8_127	2751	0	-	+	+	77	0	8966	0	s	s
seq8_23	seq8_127	1240	0	-	+	+	76	0	3961	0	s	s
seq8_24	seq8_127	768	0	-	+	+	87	0	5223	0	s	s
seq8_131	seq8_127	231	0	-	+	+	100	0	12597	0	s	s
seq8_126	seq8_48	3023	0	-	+	+	100	0	4399	0	s	s
seq8_23	seq8_48	1507	0	-	+	+	84	0	3694	0	s	s
seq8_24	seq8_48	1035	0	-	+	+	100	0	4399	0	s	s
seq8_131	seq8_48	531	0	-	+	+	100	0	4399	0	s	s
seq8_127	seq8_48	282	0	-	+	+	100	0	4399	0	s	s
seq8_126	seq8_144	3002	0	-	+	+	100	0	8122	0	s	s
seq8_23	seq8_144	1528	0	-	+	+	71	0	3673	0	s	s
seq8_24	seq8_144	1033	0	-	+	+	83	0	4958	0	s	s
seq8_131	seq8_144	492	0	-	+	+	100	0	8122	0	s	s
seq8_127	seq8_144	243	0	-	+	+	100	0	8122	0	s	s
seq8_126	seq8_7	3527	0	-	+	+	100	0	2482	0	s	s
seq8_23	seq8_7	1987	0	-	+	+	100	0	2482	0	s	s
seq8_24	seq8_7	1500	0	-	+	+	100	0	2482	0	s	s
seq8_131	seq8_7	998	0	-	+	+	100	0	2482	0	s	s
seq8_127	seq8_7	754	0	-	+	+	100	0	2482	0	s	s
seq8_48	seq8_7	490	0	-	+	+	100	0	2482	0	s	s
seq8_144	seq8_7	465	0	-	+	+	100	0	2482	0	s	s
seq8_126	seq8_186	4127	0	-	+	+	65	0	7590	0	s	s
seq8_23	seq8_186	2619	0	-	+	+	50	0	2582	0	s	s
seq8_24	seq8_186	2133	0	-	+	+	64	0	3858	0	s	s
seq8_131	seq8_186	1557	0	-	+	+	100	0	18221	0	s	s
seq8_127	seq8_186	1376	0	-	+	+	89	0	11221	0	s	s
seq8_48	seq8_186	1098	0	-	+	+	75	0	3301	0	s	s
seq8_144	seq8_186	1127	0	-	+	+	86	0	6995	0	s	s
seq8_7	seq8_186	624	0	-	+	+	75	0	1858	0	s	s
seq8_126	seq8_86	4442	0	-	+	+	100	0	4626	0	s	s
seq8_23	seq8_86	2940	0	-	+	+	49	0	2261	0	s	s
seq8_24	seq8_86	2460	0	-	+	+	76	0	3531	0	s	s
seq8_131	seq8_86	1939	0	-	+	+	100	0	4626	0	s	s
seq8_127	seq8_86	1684	0	-	+	+	100	0	4626	0	s	s
seq8_48	seq8_86	1419	0	-	+	+	68	0	2980	0	s	s
seq8_144	seq8_86	1438	0	-	+	+	100	0	4626	0	s	s
seq8_7	seq8_86	962	0	-	+	+	61	0	1520	0	s	s
seq8_186	seq8_86	332	0	-	+	+	100	0	4626	0	s	s
seq8_126	seq8_111	4896	0	-	+	+	93	0	6821	0	s	s
seq8_23	seq8_111	3369	0	-	+	+	35	0	1832	0	s	s
seq8_24	seq8_111	2919	0	-	+	+	51	0	3072	0	s	s
seq8_131	seq8_111	2399	0	-	+	+	100	0	7300	0	s	s
seq8_127	seq8_111	2146	0	-	+	+	100	0	7300	0	s	s
seq8_48	seq8_111	1863	0	-	+	+	58	0	2536	0	s	s
seq8_144	seq8_111	1902	0	-	+	+	85	0	6220	0	s	s
seq8_7	seq8_111	1382	0	-	+	+	44	0	1100	0	s	s
seq8_186	seq8_111	761	0	-	+	+	100	0	7300	0	s	s
seq8_86	seq8_111	466	0	-	+	+	90	0	4160	0	s	s
seq8_126	seq8_135	4953	0	-	+	+	100	0	1483	0	s	s
seq8_23	seq8_135	3425	0	-	+	+	100	0	1483	0	s	s
seq8_24	seq8_135	2939	0	-	+	+	100	0	1483	0	s	s
seq8_131	seq8_135	2434	0	-	+	+	100	0	1483	0	s	s
seq8_127	seq8_135	2174	0	-	+	+	100	0	1483	0	s	s
seq8_48	seq8_135	1915	0	-	+	+	100	0	1483	0	s	s
seq8_144	seq8_135	1894	0	-	+	+	100	0	1483	0	s	s
seq8_7	seq8_135	1415	0	-	+	+	72	0	1067	0	s	s
seq8_186	seq8_135	811	0	-	+	+	100	0	1483	0	s	s
seq8_86	seq8_135	475	0	-	+	+	100	0	1483	0	s	s
seq8_111	seq8_135	52	0	-	+	+	100	0	1483	0	s	s
seq8_126	seq8_125	5042	0	-	+	+	100	0	2094	0	s	s
seq8_23	seq8_125	3530	0	-	+	+	80	0	1671	0	s	s
seq8_24	seq8_125	3058	0	-	+	+	100	0	2094	0	s	s
seq8_131	seq8_125	2550	0	-	+	+	100	0	2094	0	s	s
seq8_127	seq8_125	2302	0	-	+	+	100	0	2094	0	s	s
seq8_48	seq8_125	2028	0	-	+	+	100	0	2094	0	s	s
seq8_144	seq8_125	2012	0	-	+	+	100	0	2094	0	s	s
seq8_186	seq8_125	925	0	-	+	+	100	0	2094	0	s	s
seq8_86	seq8_125	596	0	-	+	+	100	0	2094	0	s	s
seq8_111	seq8_125	163	0	-	+	+	100	0	2094	0	s	s
seq8_135	seq8_125	103	0	-	+	+	93	0	1380	0	s	s
seq8_126	seq8_190	6829	0	-	+	+	42	0	4888	0	s	s
seq8_24	seq8_190	4875	0	-	+	+	19	0	1116	0	s	s
seq8_131	seq8_190	4084	0	-	+	+	84	0	21077	0	s	s
seq8_127	seq8_190	4075	0	-	+	+	68	0	8522	0	s	s
seq8_144	seq8_190	3854	0	-	+	+	53	0	4268	0	s	s
seq8_186	seq8_190	2752	0	-	+	+	85	0	15469	0	s	s
seq8_86	seq8_190	2416	0	-	+	+	48	0	2210	0	s	s
seq8_111	seq8_190	1926	0	-	+	+	74	0	5374	0	s	s
seq8_126	seq8_187	7268	0	-	+	+	38	0	4449	0	s	s
seq8_131	seq8_187	4607	0	-	+	+	100	0	16900	0	s	s
seq8_127	seq8_187	4540	0	-	+	+	64	0	8057	0	s	s
seq8_144	seq8_187	4297	0	-	+	+	47	0	3825	0	s	s
seq8_186	seq8_187	3289	0	-	+	+	88	0	14932	0	s	s
seq8_86	seq8_187	2874	0	-	+	+	38	0	1752	0	s	s
seq8_111	seq8_187	2386	0	-	+	+	67	0	4914	0	s	s
seq8_190	seq8_187	530	0	-	+	+	100	0	16900	0	s	s
seq8_126	seq8_104	8905	0	-	+	+	92	0	2812	0	s	s
seq8_131	seq8_104	6422	0	-	+	+	100	0	3050	0	s	s
seq8_127	seq8_104	6164	0	-	+	+	100	0	3050	0	s	s
seq8_144	seq8_104	5908	0	-	+	+	73	0	2214	0	s	s
seq8_186	seq8_104	4790	0	-	+	+	100	0	3050	0	s	s
seq8_111	seq8_104	4020	0	-	+	+	100	0	3050	0	s	s
seq8_190	seq8_104	2091	0	-	+	+	100	0	3050	0	s	s
seq8_187	seq8_104	1636	0	-	+	+	100	0	3050	0	s	s
seq8_126	seq8_115	9560	0	-	+	+	25	0	2157	0	s	s
seq8_131	seq8_115	7028	0	-	+	+	100	0	8652	0	s	s
seq8_127	seq8_115	6826	0	-	+	+	67	0	5771	0	s	s
seq8_144	seq8_115	6556	0	-	+	+	19	0	1566	0	s	s
seq8_186	seq8_115	5441	0	-	+	+	100	0	8652	0	s	s
seq8_111	seq8_115	4676	0	-	+	+	36	0	2624	0	s	s
seq8_190	seq8_115	2706	0	-	+	+	100	0	8652	0	s	s
seq8_187	seq8_115	2234	0	-	+	+	100	0	8652	0	s	s
seq8_104	seq8_115	652	0	-	+	+	79	0	2398	0	s	s
seq8_126	seq8_73	9627	0	-	+	+	100	0	1432	0	s	s
seq8_131	seq8_73	7119	0	-	+	+	100	0	1432	0	s	s
seq8_127	seq8_73	6873	0	-	+	+	100	0	1432	0	s	s
seq8_144	seq8_73	6623	0	-	+	+	100	0	1432	0	s	s
seq8_186	seq8_73	5503	0	-	+	+	100	0	1432	0	s	s
seq8_111	seq8_73	4720	0	-	+	+	100	0	1432	0	s	s
seq8_190	seq8_73	2772	0	-	+	+	100	0	1432	0	s	s
seq8_187	seq8_73	2325	0	-	+	+	100	0	1432	0	s	s
seq8_104	seq8_73	719	0	-	+	+	100	0	1432	0	s	s
seq8_115	seq8_73	67	0	-	+	+	100	0	1432	0	s	s
seq8_126	seq8_179	10202	0	-	+	+	32	0	1515	0	s	s
seq8_131	seq8_179	7689	0	-	+	+	100	0	4764	0	s	s
seq8_127	seq8_179	7456	0	-	+	+	100	0	4764	0	s	s
seq8_186	seq8_179	6080	0	-	+	+	100	0	4764	0	s	s
seq8_111	seq8_179	5314	0	-	+	+	42	0	1986	0	s	s
seq8_190	seq8_179	3384	0	-	+	+	100	0	4764	0	s	s
seq8_187	seq8_179	2920	0	-	+	+	100	0	4764	0	s	s
seq8_104	seq8_179	1299	0	-	+	+	57	0	1751	0	s	s
seq8_115	seq8_179	638	0	-	+	+	100	0	4764	0	s	s
seq8_131	seq8_138	7751	0	-	+	+	100	0	1037	0	s	s
seq8_127	seq8_138	7500	0	-	+	+	100	0	1037	0	s	s
seq8_186	seq8_138	6128	0	-	+	+	100	0	1037	0	s	s
seq8_111	seq8_138	5357	0	-	+	+	100	0	1037	0	s	s
seq8_190	seq8_138	3412	0	-	+	+	100	0	1037	0	s	s
seq8_187	seq8_138	2968	0	-	+	+	100	0	1037	0	s	s
seq8_104	seq8_138	1348	0	-	+	+	100	0	1037	0	s	s
seq8_115	seq8_138	703	0	-	+	+	100	0	1037	0	s	s
seq8_179	seq8_138	45	0	-	+	+	100	0	1037	0	s	s
seq8_131	seq8_60	9690	0	-	+	+	100	0	1835	0	s	s
seq8_127	seq8_60	9444	0	-	+	+	100	0	1835	0	s	s
seq8_186	seq8_60	8072	0	-	+	+	100	0	1835	0	s	s
seq8_190	seq8_60	5374	0	-	+	+	100	0	1835	0	s	s
seq8_187	seq8_60	4892	0	-	+	+	100	0	1835	0	s	s
seq8_115	seq8_60	2631	0	-	+	+	100	0	1835	0	s	s
seq8_179	seq8_60	1994	0	-	+	+	100	0	1835	0	s	s
seq8_131	seq8_30	10039	0	-	+	+	100	0	3076	0	s	s
seq8_127	seq8_30	9791	0	-	+	+	91	0	2806	0	s	s
seq8_186	seq8_30	8435	0	-	+	+	100	0	3076	0	s	s
seq8_190	seq8_30	5731	0	-	+	+	100	0	3076	0	s	s
seq8_187	seq8_30	5269	0	-	+	+	100	0	3076	0	s	s
seq8_115	seq8_30	2986	0	-	+	+	100	0	3076	0	s	s
seq8_179	seq8_30	2332	0	-	+	+	79	0	2432	0	s	s
seq8_60	seq8_30	347	0	-	+	+	81	0	1488	0	s	s
seq8_131	seq8_3	10381	0	-	+	+	100	0	1263	0	s	s
seq8_127	seq8_3	10140	0	-	+	+	100	0	1263	0	s	s
seq8_186	seq8_3	8762	0	-	+	+	100	0	1263	0	s	s
seq8_190	seq8_3	6062	0	-	+	+	100	0	1263	0	s	s
seq8_187	seq8_3	5585	0	-	+	+	100	0	1263	0	s	s
seq8_115	seq8_3	3321	0	-	+	+	100	0	1263	0	s	s
seq8_179	seq8_3	2683	0	-	+	+	100	0	1263	0	s	s
seq8_60	seq8_3	679	0	-	+	+	92	0	1156	0	s	s
seq8_30	seq8_3	350	0	-	+	+	100	0	1263	0	s	s
seq8_131	seq8_118	10799	0	-	+	+	57	0	14362	0	s	s
seq8_127	seq8_118	10809	0	-	+	+	14	0	1788	0	s	s
seq8_186	seq8_118	9472	0	-	+	+	48	0	8749	0	s	s
seq8_190	seq8_118	6763	0	-	+	+	100	0	26568	0	s	s
seq8_187	seq8_118	6206	0	-	+	+	63	0	10694	0	s	s
seq8_115	seq8_118	4010	0	-	+	+	54	0	4642	0	s	s
seq8_179	seq8_118	3354	0	-	+	+	30	0	1410	0	s	s
seq8_30	seq8_118	1002	0	-	+	+	67	0	2074	0	s	s
seq8_131	seq8_69	11045	0	-	+	+	100	0	13247	0	s	s
seq8_127	seq8_69	11082	0	-	+	+	12	0	1515	0	s	s
seq8_186	seq8_69	9750	0	-	+	+	64	0	8471	0	s	s
seq8_190	seq8_69	6955	0	-	+	+	100	0	13247	0	s	s
seq8_187	seq8_69	6455	0	-	+	+	79	0	10445	0	s	s
seq8_115	seq8_69	4284	0	-	+	+	50	0	4368	0	s	s
seq8_179	seq8_69	3617	0	-	+	+	24	0	1147	0	s	s
seq8_30	seq8_69	1275	0	-	+	+	59	0	1801	0	s	s
seq8_118	seq8_69	242	0	-	+	+	100	0	13247	0	s	s
seq8_131	seq8_145	11185	0	-	+	+	100	0	11391	0	s	s
seq8_186	seq8_145	9859	0	-	+	+	73	0	8362	0	s	s
seq8_190	seq8_145	7100	0	-	+	+	100	0	11391	0	s	s
seq8_187	seq8_145	6597	0	-	+	+	90	0	10303	0	s	s
seq8_115	seq8_145	4434	0	-	+	+	49	0	4218	0	s	s
seq8_30	seq8_145	1422	0	-	+	+	54	0	1654	0	s	s
seq8_118	seq8_145	381	0	-	+	+	100	0	11391	0	s	s
seq8_69	seq8_145	143	0	-	+	+	100	0	11391	0	s	s
seq8_131	seq8_22	11788	0	-	+	+	100	0	4234	0	s	s
seq8_186	seq8_22	10200	0	-	+	+	100	0	4234	0	s	s
seq8_190	seq8_22	7443	0	-	+	+	100	0	4234	0	s	s
seq8_187	seq8_22	6982	0	-	+	+	100	0	4234	0	s	s
seq8_115	seq8_22	4756	0	-	+	+	92	0	3896	0	s	s
seq8_30	seq8_22	1747	0	-	+	+	43	0	1329	0	s	s
seq8_118	seq8_22	746	0	-	+	+	100	0	4234	0	s	s
seq8_69	seq8_22	472	0	-	+	+	100	0	4234	0	s	s
seq8_145	seq8_22	317	0	-	+	+	100	0	4234	0	s	s
seq8_131	seq8_57	12351	0	-	+	+	100	0	7237	0	s	s
seq8_186	seq8_57	10776	0	-	+	+	100	0	7237	0	s	s
seq8_190	seq8_57	8024	0	-	+	+	100	0	7237	0	s	s
seq8_187	seq8_57	7499	0	-	+	+	100	0	7237	0	s	s
seq8_115	seq8_57	5275	0	-	+	+	47	0	3377	0	s	s
seq8_118	seq8_57	1308	0	-	+	+	100	0	7237	0	s	s
seq8_69	seq8_57	1030	0	-	+	+	100	0	7237	0	s	s
seq8_145	seq8_57	921	0	-	+	+	100	0	7237	0	s	s
seq8_22	seq8_57	518	0	-	+	+	88	0	3716	0	s	s
seq8_131	seq8_15	12796	0	-	+	+	100	0	3713	0	s	s
seq8_186	seq8_15	11209	0	-	+	+	100	0	3713	0	s	s
seq8_190	seq8_15	8448	0	-	+	+	100	0	3713	0	s	s
seq8_187	seq8_15	7980	0	-	+	+	100	0	3713	0	s	s
seq8_115	seq8_15	5750	0	-	+	+	78	0	2902	0	s	s
seq8_118	seq8_15	1761	0	-	+	+	100	0	3713	0	s	s
seq8_69	seq8_15	1484	0	-	+	+	100	0	3713	0	s	s
seq8_145	seq8_15	1322	0	-	+	+	100	0	3713	0	s	s
seq8_22	seq8_15	997	0	-	+	+	87	0	3237	0	s	s
seq8_57	seq8_15	433	0	-	+	+	100	0	3713	0	s	s
seq8_131	seq8_133	12822	0	-	+	+	99	0	12339	0	s	s
seq8_186	seq8_133	11523	0	-	+	+	54	0	6698	0	s	s
seq8_190	seq8_133	8743	0	-	+	+	100	0	12489	0	s	s
seq8_187	seq8_133	8218	0	-	+	+	70	0	8682	0	s	s
seq8_115	seq8_133	6056	0	-	+	+	30	0	2596	0	s	s
seq8_118	seq8_133	2028	0	-	+	+	100	0	12489	0	s	s
seq8_69	seq8_133	1776	0	-	+	+	92	0	11471	0	s	s
seq8_145	seq8_133	1641	0	-	+	+	86	0	9750	0	s	s
seq8_22	seq8_133	1302	0	-	+	+	69	0	2932	0	s	s
seq8_57	seq8_133	734	0	-	+	+	90	0	6503	0	s	s
seq8_15	seq8_133	303	0	-	+	+	92	0	3410	0	s	s
seq8_131	seq8_63	13100	0	-	+	+	94	0	12061	0	s	s
seq8_186	seq8_63	11802	0	-	+	+	50	0	6419	0	s	s
seq8_190	seq8_63	9031	0	-	+	+	100	0	12785	0	s	s
seq8_187	seq8_63	8502	0	-	+	+	66	0	8398	0	s	s
seq8_115	seq8_63	6318	0	-	+	+	27	0	2334	0	s	s
seq8_118	seq8_63	2233	0	-	+	+	100	0	12785	0	s	s
seq8_69	seq8_63	2065	0	-	+	+	87	0	11182	0	s	s
seq8_145	seq8_63	1929	0	-	+	+	83	0	9462	0	s	s
seq8_22	seq8_63	1571	0	-	+	+	63	0	2663	0	s	s
seq8_57	seq8_63	1027	0	-	+	+	86	0	6210	0	s	s
seq8_15	seq8_63	564	0	-	+	+	85	0	3149	0	s	s
seq8_133	seq8_63	282	0	-	+	+	98	0	12207	0	s	s
seq8_131	seq8_43	13997	0	-	+	+	100	0	5072	0	s	s
seq8_186	seq8_43	12412	0	-	+	+	100	0	5072	0	s	s
seq8_190	seq8_43	9670	0	-	+	+	100	0	5072	0	s	s
seq8_187	seq8_43	9138	0	-	+	+	100	0	5072	0	s	s
seq8_115	seq8_43	6940	0	-	+	+	34	0	1712	0	s	s
seq8_118	seq8_43	2972	0	-	+	+	100	0	5072	0	s	s
seq8_69	seq8_43	2670	0	-	+	+	100	0	5072	0	s	s
seq8_145	seq8_43	2557	0	-	+	+	100	0	5072	0	s	s
seq8_22	seq8_43	2189	0	-	+	+	48	0	2045	0	s	s
seq8_57	seq8_43	1657	0	-	+	+	100	0	5072	0	s	s
seq8_15	seq8_43	1179	0	-	+	+	68	0	2534	0	s	s
seq8_133	seq8_43	889	0	-	+	+	100	0	5072	0	s	s
seq8_63	seq8_43	618	0	-	+	+	100	0	5072	0	s	s
seq8_131	seq8_107	14464	0	-	+	+	70	0	10697	0	s	s
seq8_186	seq8_107	13142	0	-	+	+	33	0	5079	0	s	s
seq8_190	seq8_107	10357	0	-	+	+	100	0	15295	0	s	s
seq8_187	seq8_107	9867	0	-	+	+	46	0	7033	0	s	s
seq8_118	seq8_107	3598	0	-	+	+	100	0	15295	0	s	s
seq8_69	seq8_107	3422	0	-	+	+	74	0	9825	0	s	s
seq8_145	seq8_107	3269	0	-	+	+	71	0	8122	0	s	s
seq8_22	seq8_107	2941	0	-	+	+	31	0	1293	0	s	s
seq8_57	seq8_107	2367	0	-	+	+	67	0	4870	0	s	s
seq8_15	seq8_107	1928	0	-	+	+	48	0	1785	0	s	s
seq8_133	seq8_107	1639	0	-	+	+	87	0	10850	0	s	s
seq8_63	seq8_107	1355	0	-	+	+	89	0	11430	0	s	s
seq8_43	seq8_107	729	0	-	+	+	86	0	4343	0	s	s
seq8_131	seq8_82	14897	0	-	+	+	100	0	1608	0	s	s
seq8_186	seq8_82	13309	0	-	+	+	100	0	1608	0	s	s
seq8_190	seq8_82	10548	0	-	+	+	100	0	1608	0	s	s
seq8_187	seq8_82	10080	0	-	+	+	100	0	1608	0	s	s
seq8_118	seq8_82	3861	0	-	+	+	100	0	1608	0	s	s
seq8_69	seq8_82	3584	0	-	+	+	100	0	1608	0	s	s
seq8_145	seq8_82	3423	0	-	+	+	100	0	1608	0	s	s
seq8_22	seq8_82	3118	0	-	+	+	69	0	1116	0	s	s
seq8_57	seq8_82	2536	0	-	+	+	100	0	1608	0	s	s
seq8_15	seq8_82	2100	0	-	+	+	100	0	1608	0	s	s
seq8_133	seq8_82	1797	0	-	+	+	100	0	1608	0	s	s
seq8_63	seq8_82	1536	0	-	+	+	100	0	1608	0	s	s
seq8_43	seq8_82	921	0	-	+	+	100	0	1608	0	s	s
seq8_107	seq8_82	172	0	-	+	+	100	0	1608	0	s	s
seq8_131	seq8_161	16460	0	-	+	+	100	0	4599	0	s	s
seq8_186	seq8_161	14880	0	-	+	+	73	0	3341	0	s	s
seq8_190	seq8_161	12151	0	-	+	+	100	0	4599	0	s	s
seq8_187	seq8_161	11615	0	-	+	+	100	0	4599	0	s	s
seq8_118	seq8_161	5422	0	-	+	+	100	0	4599	0	s	s
seq8_69	seq8_161	5156	0	-	+	+	100	0	4599	0	s	s
seq8_145	seq8_161	5015	0	-	+	+	100	0	4599	0	s	s
seq8_57	seq8_161	4089	0	-	+	+	68	0	3148	0	s	s
seq8_133	seq8_161	3379	0	-	+	+	100	0	4599	0	s	s
seq8_63	seq8_161	3103	0	-	+	+	100	0	4599	0	s	s
seq8_43	seq8_161	2455	0	-	+	+	57	0	2617	0	s	s
seq8_107	seq8_161	1739	0	-	+	+	100	0	4599	0	s	s
seq8_131	seq8_36	16728	0	-	+	+	100	0	1617	0	s	s
seq8_186	seq8_36	15146	0	-	+	+	100	0	1617	0	s	s
seq8_190	seq8_36	12395	0	-	+	+	100	0	1617	0	s	s
seq8_187	seq8_36	11866	0	-	+	+	100	0	1617	0	s	s
seq8_118	seq8_36	5701	0	-	+	+	100	0	1617	0	s	s
seq8_69	seq8_36	5403	0	-	+	+	100	0	1617	0	s	s
seq8_145	seq8_36	5282	0	-	+	+	100	0	1617	0	s	s
seq8_57	seq8_36	4377	0	-	+	+	100	0	1617	0	s	s
seq8_133	seq8_36	3628	0	-	+	+	100	0	1617	0	s	s
seq8_63	seq8_36	3348	0	-	+	+	100	0	1617	0	s	s
seq8_43	seq8_36	2723	0	-	+	+	100	0	1617	0	s	s
seq8_107	seq8_36	1993	0	-	+	+	100	0	1617	0	s	s
seq8_161	seq8_36	267	0	-	+	+	100	0	1617	0	s	s
seq8_131	seq8_112	17554	0	-	+	+	100	0	1011	0	s	s
seq8_186	seq8_112	15968	0	-	+	+	100	0	1011	0	s	s
seq8_190	seq8_112	13222	0	-	+	+	100	0	1011	0	s	s
seq8_187	seq8_112	12687	0	-	+	+	100	0	1011	0	s	s
seq8_118	seq8_112	6534	0	-	+	+	100	0	1011	0	s	s
seq8_69	seq8_112	6234	0	-	+	+	100	0	1011	0	s	s
seq8_145	seq8_112	6110	0	-	+	+	100	0	1011	0	s	s
seq8_57	seq8_112	5212	0	-	+	+	100	0	1011	0	s	s
seq8_133	seq8_112	4451	0	-	+	+	100	0	1011	0	s	s
seq8_63	seq8_112	4185	0	-	+	+	100	0	1011	0	s	s
seq8_43	seq8_112	3556	0	-	+	+	100	0	1011	0	s	s
seq8_107	seq8_112	2822	0	-	+	+	100	0	1011	0	s	s
seq8_161	seq8_112	1098	0	-	+	+	100	0	1011	0	s	s
seq8_131	seq8_12	18377	0	-	+	+	100	0	5461	0	s	s
seq8_186	seq8_12	17054	0	-	+	+	21	0	1167	0	s	s
seq8_190	seq8_12	14282	0	-	+	+	100	0	5461	0	s	s
seq8_187	seq8_12	13776	0	-	+	+	57	0	3124	0	s	s
seq8_118	seq8_12	7567	0	-	+	+	100	0	5461	0	s	s
seq8_69	seq8_12	7310	0	-	+	+	100	0	5461	0	s	s
seq8_145	seq8_12	7186	0	-	+	+	77	0	4205	0	s	s
seq8_133	seq8_12	5557	0	-	+	+	100	0	5461	0	s	s
seq8_63	seq8_12	5257	0	-	+	+	100	0	5461	0	s	s
seq8_107	seq8_12	3914	0	-	+	+	100	0	5461	0	s	s
seq8_161	seq8_12	2161	0	-	+	+	53	0	2438	0	s	s
seq8_131	seq8_178	18844	0	-	+	+	71	0	6317	0	s	s
seq8_190	seq8_178	14841	0	-	+	+	100	0	8887	0	s	s
seq8_187	seq8_178	13985	0	-	+	+	33	0	2915	0	s	s
seq8_118	seq8_178	8070	0	-	+	+	100	0	8887	0	s	s
seq8_69	seq8_178	7561	0	-	+	+	64	0	5686	0	s	s
seq8_145	seq8_178	7421	0	-	+	+	45	0	3970	0	s	s
seq8_133	seq8_178	6088	0	-	+	+	72	0	6401	0	s	s
seq8_63	seq8_178	5818	0	-	+	+	78	0	6967	0	s	s
seq8_107	seq8_178	4451	0	-	+	+	100	0	8887	0	s	s
seq8_161	seq8_178	2376	0	-	+	+	48	0	2223	0	s	s
seq8_12	seq8_178	230	0	-	+	+	96	0	5231	0	s	s
seq8_131	seq8_189	20233	0	-	+	+	20	0	4928	0	s	s
seq8_190	seq8_189	16055	0	-	+	+	100	0	24613	0	s	s
seq8_187	seq8_189	15636	0	-	+	+	7	0	1264	0	s	s
seq8_118	seq8_189	9285	0	-	+	+	70	0	17283	0	s	s
seq8_69	seq8_189	9204	0	-	+	+	31	0	4043	0	s	s
seq8_145	seq8_189	9050	0	-	+	+	21	0	2341	0	s	s
seq8_133	seq8_189	7405	0	-	+	+	41	0	5084	0	s	s
seq8_63	seq8_189	7132	0	-	+	+	44	0	5653	0	s	s
seq8_107	seq8_189	5746	0	-	+	+	62	0	9549	0	s	s
seq8_12	seq8_189	1875	0	-	+	+	66	0	3586	0	s	s
seq8_178	seq8_189	1299	0	-	+	+	85	0	7588	0	s	s
seq8_131	seq8_153	20945	0	-	+	+	78	0	4216	0	s	s
seq8_190	seq8_153	16861	0	-	+	+	100	0	5401	0	s	s
seq8_118	seq8_153	10070	0	-	+	+	100	0	5401	0	s	s
seq8_69	seq8_153	9899	0	-	+	+	62	0	3348	0	s	s
seq8_145	seq8_153	9770	0	-	+	+	30	0	1621	0	s	s
seq8_133	seq8_153	8118	0	-	+	+	81	0	4371	0	s	s
seq8_63	seq8_153	7841	0	-	+	+	92	0	4944	0	s	s
seq8_107	seq8_153	6488	0	-	+	+	100	0	5401	0	s	s
seq8_12	seq8_153	2579	0	-	+	+	53	0	2882	0	s	s
seq8_178	seq8_153	2015	0	-	+	+	100	0	5401	0	s	s
seq8_189	seq8_153	705	0	-	+	+	100	0	5401	0	s	s
seq8_131	seq8_122	21136	0	-	+	+	51	0	4025	0	s	s
seq8_190	seq8_122	17065	0	-	+	+	100	0	7952	0	s	s
seq8_118	seq8_122	10293	0	-	+	+	100	0	7952	0	s	s
seq8_69	seq8_122	10096	0	-	+	+	40	0	3151	0	s	s
seq8_133	seq8_122	8310	0	-	+	+	53	0	4179	0	s	s
seq8_63	seq8_122	8025	0	-	+	+	60	0	4760	0	s	s
seq8_107	seq8_122	6683	0	-	+	+	100	0	7952	0	s	s
seq8_12	seq8_122	2759	0	-	+	+	49	0	2702	0	s	s
seq8_178	seq8_122	2219	0	-	+	+	84	0	6668	0	s	s
seq8_189	seq8_122	954	0	-	+	+	100	0	7952	0	s	s
seq8_153	seq8_122	193	0	-	+	+	96	0	5208	0	s	s
seq8_131	seq8_92	21225	0	-	+	+	42	0	3936	0	s	s
seq8_190	seq8_92	17087	0	-	+	+	100	0	9375	0	s	s
seq8_118	seq8_92	10321	0	-	+	+	100	0	9375	0	s	s
seq8_69	seq8_92	10157	0	-	+	+	33	0	3090	0	s	s
seq8_133	seq8_92	8395	0	-	+	+	44	0	4094	0	s	s
seq8_63	seq8_92	8132	0	-	+	+	50	0	4653	0	s	s
seq8_107	seq8_92	6744	0	-	+	+	91	0	8551	0	s	s
seq8_12	seq8_92	2844	0	-	+	+	48	0	2617	0	s	s
seq8_178	seq8_92	2291	0	-	+	+	74	0	6596	0	s	s
seq8_189	seq8_92	1001	0	-	+	+	100	0	9375	0	s	s
seq8_153	seq8_92	291	0	-	+	+	95	0	5110	0	s	s
seq8_122	seq8_92	51	0	-	+	+	99	0	7901	0	s	s
seq8_131	seq8_26	21648	0	-	+	+	100	0	2523	0	s	s
seq8_190	seq8_26	17553	0	-	+	+	100	0	2523	0	s	s
seq8_118	seq8_26	10837	0	-	+	+	100	0	2523	0	s	s
seq8_69	seq8_26	10598	0	-	+	+	100	0	2523	0	s	s
seq8_133	seq8_26	8827	0	-	+	+	100	0	2523	0	s	s
seq8_63	seq8_26	8530	0	-	+	+	100	0	2523	0	s	s
seq8_107	seq8_26	7186	0	-	+	+	100	0	2523	0	s	s
seq8_12	seq8_26	3275	0	-	+	+	87	0	2186	0	s	s
seq8_178	seq8_26	3047	0	-	+	+	100	0	2523	0	s	s
seq8_189	seq8_26	1392	0	-	+	+	100	0	2523	0	s	s
seq8_153	seq8_26	697	0	-	+	+	100	0	2523	0	s	s
seq8_122	seq8_26	507	0	-	+	+	100	0	2523	0	s	s
seq8_92	seq8_26	438	0	-	+	+	100	0	2523	0	s	s
seq8_131	seq8_79	21913	0	-	+	+	22	0	3248	0	s	s
seq8_190	seq8_79	17842	0	-	+	+	100	0	14802	0	s	s
seq8_118	seq8_79	11072	0	-	+	+	100	0	14802	0	s	s
seq8_69	seq8_79	10850	0	-	+	+	18	0	2397	0	s	s
seq8_133	seq8_79	9090	0	-	+	+	27	0	3399	0	s	s
seq8_63	seq8_79	8817	0	-	+	+	31	0	3968	0	s	s
seq8_107	seq8_79	7446	0	-	+	+	53	0	7849	0	s	s
seq8_12	seq8_79	3529	0	-	+	+	35	0	1932	0	s	s
seq8_178	seq8_79	2994	0	-	+	+	66	0	5893	0	s	s
seq8_189	seq8_79	1783	0	-	+	+	100	0	14802	0	s	s
seq8_153	seq8_79	976	0	-	+	+	82	0	4425	0	s	s
seq8_122	seq8_79	761	0	-	+	+	90	0	7191	0	s	s
seq8_92	seq8_79	712	0	-	+	+	92	0	8663	0	s	s
seq8_26	seq8_79	257	0	-	+	+	90	0	2266	0	s	s
seq8_131	seq8_84	23015	0	-	+	+	82	0	2146	0	s	s
seq8_190	seq8_84	18935	0	-	+	+	100	0	2610	0	s	s
seq8_118	seq8_84	12208	0	-	+	+	100	0	2610	0	s	s
seq8_69	seq8_84	11984	0	-	+	+	48	0	1263	0	s	s
seq8_133	seq8_84	10188	0	-	+	+	88	0	2301	0	s	s
seq8_63	seq8_84	9910	0	-	+	+	100	0	2610	0	s	s
seq8_107	seq8_84	8555	0	-	+	+	100	0	2610	0	s	s
seq8_178	seq8_84	4096	0	-	+	+	100	0	2610	0	s	s
seq8_189	seq8_84	2776	0	-	+	+	100	0	2610	0	s	s
seq8_153	seq8_84	2076	0	-	+	+	100	0	2610	0	s	s
seq8_122	seq8_84	1883	0	-	+	+	100	0	2610	0	s	s
seq8_92	seq8_84	1783	0	-	+	+	100	0	2610	0	s	s
seq8_26	seq8_84	1388	0	-	+	+	45	0	1135	0	s	s
seq8_79	seq8_84	1107	0	-	+	+	100	0	2610	0	s	s
seq8_190	seq8_151	20163	0	-	+	+	100	0	9444	0	s	s
seq8_118	seq8_151	13396	0	-	+	+	100	0	9444	0	s	s
seq8_133	seq8_151	11415	0	-	+	+	11	0	1074	0	s	s
seq8_63	seq8_151	11133	0	-	+	+	17	0	1652	0	s	s
seq8_107	seq8_151	9769	0	-	+	+	59	0	5526	0	s	s
seq8_178	seq8_151	5310	0	-	+	+	40	0	3577	0	s	s
seq8_189	seq8_151	4117	0	-	+	+	100	0	9444	0	s	s
seq8_153	seq8_151	3285	0	-	+	+	39	0	2116	0	s	s
seq8_122	seq8_151	3082	0	-	+	+	61	0	4870	0	s	s
seq8_92	seq8_151	3037	0	-	+	+	68	0	6338	0	s	s
seq8_79	seq8_151	2391	0	-	+	+	100	0	9444	0	s	s
seq8_84	seq8_151	1219	0	-	+	+	53	0	1391	0	s	s
seq8_190	seq8_101	20506	0	-	+	+	100	0	7082	0	s	s
seq8_118	seq8_101	13747	0	-	+	+	100	0	7082	0	s	s
seq8_107	seq8_101	10181	0	-	+	+	72	0	5114	0	s	s
seq8_178	seq8_101	5706	0	-	+	+	45	0	3181	0	s	s
seq8_189	seq8_101	4429	0	-	+	+	100	0	7082	0	s	s
seq8_153	seq8_101	3696	0	-	+	+	32	0	1705	0	s	s
seq8_122	seq8_101	3482	0	-	+	+	63	0	4470	0	s	s
seq8_92	seq8_101	3440	0	-	+	+	84	0	5935	0	s	s
seq8_79	seq8_101	2723	0	-	+	+	100	0	7082	0	s	s
seq8_151	seq8_101	368	0	-	+	+	100	0	7082	0	s	s
seq8_190	seq8_78	21227	0	-	+	+	100	0	8729	0	s	s
seq8_118	seq8_78	14464	0	-	+	+	100	0	8729	0	s	s
seq8_107	seq8_78	10812	0	-	+	+	51	0	4483	0	s	s
seq8_178	seq8_78	6358	0	-	+	+	29	0	2529	0	s	s
seq8_189	seq8_78	5182	0	-	+	+	100	0	8729	0	s	s
seq8_153	seq8_78	4327	0	-	+	+	20	0	1074	0	s	s
seq8_122	seq8_78	4125	0	-	+	+	48	0	3827	0	s	s
seq8_92	seq8_78	4100	0	-	+	+	60	0	5275	0	s	s
seq8_79	seq8_78	3465	0	-	+	+	100	0	8729	0	s	s
seq8_151	seq8_78	1061	0	-	+	+	96	0	8383	0	s	s
seq8_101	seq8_78	715	0	-	+	+	90	0	6367	0	s	s
seq8_190	seq8_20	21485	0	-	+	+	100	0	4298	0	s	s
seq8_118	seq8_20	14725	0	-	+	+	100	0	4298	0	s	s
seq8_107	seq8_20	11126	0	-	+	+	97	0	4169	0	s	s
seq8_178	seq8_20	6665	0	-	+	+	52	0	2222	0	s	s
seq8_189	seq8_20	5387	0	-	+	+	100	0	4298	0	s	s
seq8_122	seq8_20	4430	0	-	+	+	82	0	3522	0	s	s
seq8_92	seq8_20	4388	0	-	+	+	100	0	4298	0	s	s
seq8_79	seq8_20	3680	0	-	+	+	100	0	4298	0	s	s
seq8_151	seq8_20	1359	0	-	+	+	100	0	4298	0	s	s
seq8_101	seq8_20	951	0	-	+	+	100	0	4298	0	s	s
seq8_78	seq8_20	315	0	-	+	+	100	0	4298	0	s	s
seq8_190	seq8_156	21603	0	-	+	+	100	0	1729	0	s	s
seq8_118	seq8_156	14829	0	-	+	+	100	0	1729	0	s	s
seq8_107	seq8_156	11236	0	-	+	+	100	0	1729	0	s	s
seq8_178	seq8_156	6767	0	-	+	+	100	0	1729	0	s	s
seq8_189	seq8_156	5461	0	-	+	+	100	0	1729	0	s	s
seq8_122	seq8_156	4562	0	-	+	+	100	0	1729	0	s	s
seq8_92	seq8_156	4471	0	-	+	+	100	0	1729	0	s	s
seq8_79	seq8_156	3776	0	-	+	+	100	0	1729	0	s	s
seq8_151	seq8_156	1459	0	-	+	+	100	0	1729	0	s	s
seq8_101	seq8_156	1062	0	-	+	+	100	0	1729	0	s	s
seq8_78	seq8_156	430	0	-	+	+	100	0	1729	0	s	s
seq8_20	seq8_156	104	0	-	+	+	100	0	1729	0	s	s
seq8_190	seq8_49	21900	0	-	+	+	100	0	15562	0	s	s
seq8_118	seq8_49	15082	0	-	+	+	74	0	11486	0	s	s
seq8_107	seq8_49	11493	0	-	+	+	25	0	3802	0	s	s
seq8_178	seq8_49	7040	0	-	+	+	21	0	1847	0	s	s
seq8_189	seq8_49	5840	0	-	+	+	100	0	15562	0	s	s
seq8_122	seq8_49	4802	0	-	+	+	40	0	3150	0	s	s
seq8_92	seq8_49	4758	0	-	+	+	49	0	4617	0	s	s
seq8_79	seq8_49	4004	0	-	+	+	73	0	10798	0	s	s
seq8_151	seq8_49	1667	0	-	+	+	82	0	7777	0	s	s
seq8_101	seq8_49	1327	0	-	+	+	81	0	5755	0	s	s
seq8_78	seq8_49	610	0	-	+	+	93	0	8119	0	s	s
seq8_20	seq8_49	366	0	-	+	+	91	0	3932	0	s	s
seq8_156	seq8_49	277	0	-	+	+	84	0	1452	0	s	s
seq8_190	seq8_105	22178	0	-	+	+	100	0	2772	0	s	s
seq8_118	seq8_105	15403	0	-	+	+	100	0	2772	0	s	s
seq8_107	seq8_105	11794	0	-	+	+	100	0	2772	0	s	s
seq8_189	seq8_105	6064	0	-	+	+	100	0	2772	0	s	s
seq8_122	seq8_105	5109	0	-	+	+	100	0	2772	0	s	s
seq8_92	seq8_105	5062	0	-	+	+	100	0	2772	0	s	s
seq8_79	seq8_105	4347	0	-	+	+	100	0	2772	0	s	s
seq8_151	seq8_105	2033	0	-	+	+	100	0	2772	0	s	s
seq8_101	seq8_105	1644	0	-	+	+	100	0	2772	0	s	s
seq8_78	seq8_105	986	0	-	+	+	100	0	2772	0	s	s
seq8_20	seq8_105	682	0	-	+	+	100	0	2772	0	s	s
seq8_156	seq8_105	538	0	-	+	+	69	0	1191	0	s	s
seq8_49	seq8_105	310	0	-	+	+	100	0	2772	0	s	s
seq8_190	seq8_44	22234	0	-	+	+	100	0	5558	0	s	s
seq8_118	seq8_44	15468	0	-	+	+	100	0	5558	0	s	s
seq8_107	seq8_44	11891	0	-	+	+	61	0	3404	0	s	s
seq8_189	seq8_44	6156	0	-	+	+	100	0	5558	0	s	s
seq8_122	seq8_44	5190	0	-	+	+	50	0	2762	0	s	s
seq8_92	seq8_44	5154	0	-	+	+	76	0	4221	0	s	s
seq8_79	seq8_44	4445	0	-	+	+	100	0	5558	0	s	s
seq8_151	seq8_44	2088	0	-	+	+	100	0	5558	0	s	s
seq8_101	seq8_44	1722	0	-	+	+	96	0	5360	0	s	s
seq8_78	seq8_44	1024	0	-	+	+	100	0	5558	0	s	s
seq8_20	seq8_44	763	0	-	+	+	82	0	3535	0	s	s
seq8_156	seq8_44	662	0	-	+	+	62	0	1067	0	s	s
seq8_49	seq8_44	400	0	-	+	+	100	0	5558	0	s	s
seq8_105	seq8_44	76	0	-	+	+	97	0	2696	0	s	s
seq8_190	seq8_169	23336	0	-	+	+	100	0	3663	0	s	s
seq8_118	seq8_169	16577	0	-	+	+	100	0	3663	0	s	s
seq8_107	seq8_169	12975	0	-	+	+	63	0	2320	0	s	s
seq8_189	seq8_169	7260	0	-	+	+	100	0	3663	0	s	s
seq8_122	seq8_169	6259	0	-	+	+	46	0	1693	0	s	s
seq8_92	seq8_169	6251	0	-	+	+	85	0	3124	0	s	s
seq8_79	seq8_169	5539	0	-	+	+	100	0	3663	0	s	s
seq8_151	seq8_169	3196	0	-	+	+	100	0	3663	0	s	s
seq8_101	seq8_169	2822	0	-	+	+	100	0	3663	0	s	s
seq8_78	seq8_169	2106	0	-	+	+	100	0	3663	0	s	s
seq8_20	seq8_169	1850	0	-	+	+	67	0	2448	0	s	s
seq8_49	seq8_169	1497	0	-	+	+	100	0	3663	0	s	s
seq8_105	seq8_169	1150	0	-	+	+	59	0	1622	0	s	s
seq8_44	seq8_169	1099	0	-	+	+	100	0	3663	0	s	s
seq8_190	seq8_62	23323	0	-	+	+	100	0	7001	0	s	s
seq8_118	seq8_62	16551	0	-	+	+	100	0	7001	0	s	s
seq8_107	seq8_62	12972	0	-	+	+	33	0	2323	0	s	s
seq8_189	seq8_62	7257	0	-	+	+	100	0	7001	0	s	s
seq8_122	seq8_62	6282	0	-	+	+	24	0	1670	0	s	s
seq8_92	seq8_62	6236	0	-	+	+	45	0	3139	0	s	s
seq8_79	seq8_62	5528	0	-	+	+	100	0	7001	0	s	s
seq8_151	seq8_62	3143	0	-	+	+	90	0	6301	0	s	s
seq8_101	seq8_62	2814	0	-	+	+	61	0	4268	0	s	s
seq8_78	seq8_62	2076	0	-	+	+	95	0	6653	0	s	s
seq8_20	seq8_62	1846	0	-	+	+	57	0	2452	0	s	s
seq8_49	seq8_62	1473	0	-	+	+	100	0	7001	0	s	s
seq8_105	seq8_62	1173	0	-	+	+	58	0	1599	0	s	s
seq8_44	seq8_62	1085	0	-	+	+	80	0	4473	0	s	s
seq8_190	seq8_72	23983	0	-	+	+	100	0	7143	0	s	s
seq8_118	seq8_72	17191	0	-	+	+	100	0	7143	0	s	s
seq8_107	seq8_72	13630	0	-	+	+	23	0	1665	0	s	s
seq8_189	seq8_72	7917	0	-	+	+	100	0	7143	0	s	s
seq8_122	seq8_72	6929	0	-	+	+	14	0	1023	0	s	s
seq8_92	seq8_72	6890	0	-	+	+	35	0	2485	0	s	s
seq8_79	seq8_72	6157	0	-	+	+	100	0	7143	0	s	s
seq8_151	seq8_72	3807	0	-	+	+	79	0	5637	0	s	s
seq8_101	seq8_72	3456	0	-	+	+	51	0	3626	0	s	s
seq8_78	seq8_72	2745	0	-	+	+	84	0	5984	0	s	s
seq8_20	seq8_72	2509	0	-	+	+	42	0	1789	0	s	s
seq8_49	seq8_72	2127	0	-	+	+	100	0	7143	0	s	s
seq8_44	seq8_72	1745	0	-	+	+	69	0	3813	0	s	s
seq8_169	seq8_72	629	0	-	+	+	83	0	3034	0	s	s
seq8_62	seq8_72	661	0	-	+	+	91	0	6340	0	s	s
seq8_190	seq8_58	24262	0	-	+	+	100	0	9793	0	s	s
seq8_118	seq8_58	17493	0	-	+	+	93	0	9075	0	s	s
seq8_189	seq8_58	8200	0	-	+	+	100	0	9793	0	s	s
seq8_92	seq8_58	7213	0	-	+	+	23	0	2162	0	s	s
seq8_79	seq8_58	6421	0	-	+	+	86	0	8381	0	s	s
seq8_151	seq8_58	4114	0	-	+	+	56	0	5330	0	s	s
seq8_101	seq8_58	3779	0	-	+	+	47	0	3303	0	s	s
seq8_78	seq8_58	3043	0	-	+	+	65	0	5686	0	s	s
seq8_20	seq8_58	2819	0	-	+	+	34	0	1479	0	s	s
seq8_49	seq8_58	2404	0	-	+	+	100	0	9793	0	s	s
seq8_44	seq8_58	2050	0	-	+	+	63	0	3508	0	s	s
seq8_169	seq8_58	964	0	-	+	+	74	0	2699	0	s	s
seq8_62	seq8_58	961	0	-	+	+	86	0	6040	0	s	s
seq8_72	seq8_58	307	0	-	+	+	96	0	6836	0	s	s
seq8_190	seq8_116	24619	0	-	+	+	100	0	2045	0	s	s
seq8_118	seq8_116	17850	0	-	+	+	100	0	2045	0	s	s
seq8_189	seq8_116	8530	0	-	+	+	100	0	2045	0	s	s
seq8_92	seq8_116	7522	0	-	+	+	91	0	1853	0	s	s
seq8_79	seq8_116	6816	0	-	+	+	100	0	2045	0	s	s
seq8_151	seq8_116	4482	0	-	+	+	100	0	2045	0	s	s
seq8_101	seq8_116	4094	0	-	+	+	100	0	2045	0	s	s
seq8_78	seq8_116	3412	0	-	+	+	100	0	2045	0	s	s
seq8_20	seq8_116	3122	0	-	+	+	58	0	1176	0	s	s
seq8_49	seq8_116	2773	0	-	+	+	100	0	2045	0	s	s
seq8_44	seq8_116	2372	0	-	+	+	100	0	2045	0	s	s
seq8_169	seq8_116	1281	0	-	+	+	100	0	2045	0	s	s
seq8_62	seq8_116	1296	0	-	+	+	100	0	2045	0	s	s
seq8_72	seq8_116	642	0	-	+	+	100	0	2045	0	s	s
seq8_58	seq8_116	320	0	-	+	+	100	0	2045	0	s	s
seq8_190	seq8_102	24666	0	-	+	+	100	0	13910	0	s	s
seq8_118	seq8_102	17860	0	-	+	+	63	0	8708	0	s	s
seq8_189	seq8_102	8602	0	-	+	+	100	0	13910	0	s	s
seq8_92	seq8_102	7576	0	-	+	+	19	0	1799	0	s	s
seq8_79	seq8_102	6794	0	-	+	+	58	0	8008	0	s	s
seq8_151	seq8_102	4483	0	-	+	+	53	0	4961	0	s	s
seq8_101	seq8_102	4160	0	-	+	+	41	0	2922	0	s	s
seq8_78	seq8_102	3415	0	-	+	+	61	0	5314	0	s	s
seq8_20	seq8_102	3174	0	-	+	+	26	0	1124	0	s	s
seq8_49	seq8_102	2747	0	-	+	+	92	0	12815	0	s	s
seq8_44	seq8_102	2427	0	-	+	+	56	0	3131	0	s	s
seq8_169	seq8_102	1321	0	-	+	+	64	0	2342	0	s	s
seq8_62	seq8_102	1326	0	-	+	+	81	0	5675	0	s	s
seq8_72	seq8_102	680	0	-	+	+	90	0	6463	0	s	s
seq8_58	seq8_102	368	0	-	+	+	96	0	9425	0	s	s
seq8_116	seq8_102	48	0	-	+	+	98	0	1997	0	s	s
seq8_190	seq8_6	24963	0	-	+	+	100	0	2334	0	s	s
seq8_118	seq8_6	18205	0	-	+	+	100	0	2334	0	s	s
seq8_189	seq8_6	8884	0	-	+	+	100	0	2334	0	s	s
seq8_92	seq8_6	7884	0	-	+	+	64	0	1491	0	s	s
seq8_79	seq8_6	7174	0	-	+	+	100	0	2334	0	s	s
seq8_151	seq8_6	4826	0	-	+	+	100	0	2334	0	s	s
seq8_101	seq8_6	4461	0	-	+	+	100	0	2334	0	s	s
seq8_78	seq8_6	3738	0	-	+	+	100	0	2334	0	s	s
seq8_49	seq8_6	3129	0	-	+	+	100	0	2334	0	s	s
seq8_44	seq8_6	2724	0	-	+	+	100	0	2334	0	s	s
seq8_169	seq8_6	1625	0	-	+	+	87	0	2038	0	s	s
seq8_62	seq8_6	1634	0	-	+	+	100	0	2334	0	s	s
seq8_72	seq8_6	992	0	-	+	+	100	0	2334	0	s	s
seq8_58	seq8_6	670	0	-	+	+	100	0	2334	0	s	s
seq8_116	seq8_6	354	0	-	+	+	83	0	1691	0	s	s
seq8_102	seq8_6	296	0	-	+	+	100	0	2334	0	s	s
seq8_190	seq8_165	27212	0	-	+	+	100	0	8084	0	s	s
seq8_118	seq8_165	20442	0	-	+	+	76	0	6126	0	s	s
seq8_189	seq8_165	11148	0	-	+	+	100	0	8084	0	s	s
seq8_79	seq8_165	9375	0	-	+	+	67	0	5427	0	s	s
seq8_151	seq8_165	7030	0	-	+	+	30	0	2414	0	s	s
seq8_78	seq8_165	5972	0	-	+	+	34	0	2757	0	s	s
seq8_49	seq8_165	5313	0	-	+	+	100	0	8084	0	s	s
seq8_62	seq8_165	3891	0	-	+	+	44	0	3110	0	s	s
seq8_72	seq8_165	3240	0	-	+	+	55	0	3903	0	s	s
seq8_58	seq8_165	2938	0	-	+	+	85	0	6855	0	s	s
seq8_102	seq8_165	2576	0	-	+	+	100	0	8084	0	s	s
seq8_190	seq8_183	27620	0	-	+	+	97	0	19033	0	s	s
seq8_118	seq8_183	20760	0	-	+	+	30	0	5808	0	s	s
seq8_189	seq8_183	11506	0	-	+	+	67	0	13107	0	s	s
seq8_79	seq8_183	9677	0	-	+	+	35	0	5125	0	s	s
seq8_151	seq8_183	7334	0	-	+	+	22	0	2110	0	s	s
seq8_78	seq8_183	6278	0	-	+	+	28	0	2451	0	s	s
seq8_49	seq8_183	5672	0	-	+	+	64	0	9890	0	s	s
seq8_62	seq8_183	4185	0	-	+	+	40	0	2816	0	s	s
seq8_72	seq8_183	3537	0	-	+	+	50	0	3606	0	s	s
seq8_58	seq8_183	3309	0	-	+	+	66	0	6484	0	s	s
seq8_102	seq8_183	2923	0	-	+	+	79	0	10987	0	s	s
seq8_165	seq8_183	372	0	-	+	+	95	0	7712	0	s	s
seq8_190	seq8_150	27687	0	-	+	+	99	0	18966	0	s	s
seq8_118	seq8_150	20815	0	-	+	+	30	0	5753	0	s	s
seq8_189	seq8_150	11573	0	-	+	+	68	0	13040	0	s	s
seq8_79	seq8_150	9740	0	-	+	+	34	0	5062	0	s	s
seq8_151	seq8_150	7423	0	-	+	+	21	0	2021	0	s	s
seq8_78	seq8_150	6356	0	-	+	+	27	0	2373	0	s	s
seq8_49	seq8_150	5709	0	-	+	+	63	0	9853	0	s	s
seq8_62	seq8_150	4264	0	-	+	+	39	0	2737	0	s	s
seq8_72	seq8_150	3598	0	-	+	+	50	0	3545	0	s	s
seq8_58	seq8_150	3330	0	-	+	+	66	0	6463	0	s	s
seq8_102	seq8_150	2976	0	-	+	+	79	0	10934	0	s	s
seq8_165	seq8_150	411	0	-	+	+	95	0	7673	0	s	s
seq8_183	seq8_150	80	0	-	+	+	100	0	19175	0	s	s
seq8_190	seq8_17	28480	0	-	+	+	100	0	4499	0	s	s
seq8_118	seq8_17	21717	0	-	+	+	100	0	4499	0	s	s
seq8_189	seq8_17	12429	0	-	+	+	100	0	4499	0	s	s
seq8_79	seq8_17	10646	0	-	+	+	92	0	4156	0	s	s
seq8_151	seq8_17	7923	0	-	+	+	34	0	1521	0	s	s
seq8_78	seq8_17	6859	0	-	+	+	42	0	1870	0	s	s
seq8_49	seq8_17	6640	0	-	+	+	100	0	4499	0	s	s
seq8_62	seq8_17	5004	0	-	+	+	44	0	1997	0	s	s
seq8_72	seq8_17	4520	0	-	+	+	58	0	2623	0	s	s
seq8_58	seq8_17	4216	0	-	+	+	100	0	4499	0	s	s
seq8_102	seq8_17	3858	0	-	+	+	100	0	4499	0	s	s
seq8_165	seq8_17	1270	0	-	+	+	100	0	4499	0	s	s
seq8_183	seq8_17	961	0	-	+	+	100	0	4499	0	s	s
seq8_150	seq8_17	900	0	-	+	+	100	0	4499	0	s	s
seq8_190	seq8_42	28760	0	-	+	+	100	0	6505	0	s	s
seq8_118	seq8_42	21959	0	-	+	+	71	0	4609	0	s	s
seq8_189	seq8_42	12693	0	-	+	+	100	0	6505	0	s	s
seq8_79	seq8_42	10873	0	-	+	+	60	0	3929	0	s	s
seq8_78	seq8_42	7480	0	-	+	+	19	0	1249	0	s	s
seq8_49	seq8_42	6859	0	-	+	+	100	0	6505	0	s	s
seq8_62	seq8_42	5391	0	-	+	+	25	0	1610	0	s	s
seq8_72	seq8_42	4739	0	-	+	+	37	0	2404	0	s	s
seq8_58	seq8_42	4454	0	-	+	+	82	0	5339	0	s	s
seq8_102	seq8_42	4117	0	-	+	+	100	0	6505	0	s	s
seq8_165	seq8_42	1542	0	-	+	+	100	0	6505	0	s	s
seq8_183	seq8_42	1172	0	-	+	+	100	0	6505	0	s	s
seq8_150	seq8_42	1130	0	-	+	+	100	0	6505	0	s	s
seq8_17	seq8_42	229	0	-	+	+	95	0	4270	0	s	s
seq8_190	seq8_71	29155	0	-	+	+	100	0	5762	0	s	s
seq8_118	seq8_71	22326	0	-	+	+	74	0	4242	0	s	s
seq8_189	seq8_71	13094	0	-	+	+	100	0	5762	0	s	s
seq8_79	seq8_71	11248	0	-	+	+	62	0	3554	0	s	s
seq8_49	seq8_71	7280	0	-	+	+	100	0	5762	0	s	s
seq8_62	seq8_71	5768	0	-	+	+	21	0	1233	0	s	s
seq8_72	seq8_71	5112	0	-	+	+	35	0	2031	0	s	s
seq8_58	seq8_71	4851	0	-	+	+	86	0	4942	0	s	s
seq8_102	seq8_71	4515	0	-	+	+	100	0	5762	0	s	s
seq8_165	seq8_71	1948	0	-	+	+	100	0	5762	0	s	s
seq8_183	seq8_71	1580	0	-	+	+	100	0	5762	0	s	s
seq8_150	seq8_71	1542	0	-	+	+	100	0	5762	0	s	s
seq8_17	seq8_71	607	0	-	+	+	87	0	3892	0	s	s
seq8_42	seq8_71	403	0	-	+	+	100	0	5762	0	s	s
seq8_190	seq8_96	30538	0	-	+	+	100	0	11662	0	s	s
seq8_118	seq8_96	23752	0	-	+	+	24	0	2816	0	s	s
seq8_189	seq8_96	14456	0	-	+	+	87	0	10157	0	s	s
seq8_79	seq8_96	12686	0	-	+	+	18	0	2116	0	s	s
seq8_49	seq8_96	8625	0	-	+	+	59	0	6937	0	s	s
seq8_58	seq8_96	6251	0	-	+	+	36	0	3542	0	s	s
seq8_102	seq8_96	5871	0	-	+	+	69	0	8039	0	s	s
seq8_165	seq8_96	3320	0	-	+	+	59	0	4764	0	s	s
seq8_183	seq8_96	2939	0	-	+	+	100	0	11662	0	s	s
seq8_150	seq8_96	2899	0	-	+	+	100	0	11662	0	s	s
seq8_17	seq8_96	2034	0	-	+	+	55	0	2465	0	s	s
seq8_42	seq8_96	1776	0	-	+	+	73	0	4729	0	s	s
seq8_71	seq8_96	1369	0	-	+	+	76	0	4393	0	s	s
seq8_190	seq8_19	31139	0	-	+	+	100	0	3747	0	s	s
seq8_189	seq8_19	15074	0	-	+	+	100	0	3747	0	s	s
seq8_79	seq8_19	13295	0	-	+	+	40	0	1507	0	s	s
seq8_49	seq8_19	9263	0	-	+	+	100	0	3747	0	s	s
seq8_58	seq8_19	6862	0	-	+	+	78	0	2931	0	s	s
seq8_102	seq8_19	6500	0	-	+	+	100	0	3747	0	s	s
seq8_165	seq8_19	3928	0	-	+	+	100	0	3747	0	s	s
seq8_183	seq8_19	3561	0	-	+	+	100	0	3747	0	s	s
seq8_150	seq8_19	3524	0	-	+	+	100	0	3747	0	s	s
seq8_17	seq8_19	2642	0	-	+	+	50	0	1857	0	s	s
seq8_42	seq8_19	2396	0	-	+	+	100	0	3747	0	s	s
seq8_71	seq8_19	1982	0	-	+	+	100	0	3747	0	s	s
seq8_96	seq8_19	614	0	-	+	+	100	0	3747	0	s	s
seq8_190	seq8_93	32873	0	-	+	+	100	0	8281	0	s	s
seq8_189	seq8_93	16802	0	-	+	+	94	0	7811	0	s	s
seq8_49	seq8_93	10937	0	-	+	+	56	0	4625	0	s	s
seq8_58	seq8_93	8583	0	-	+	+	15	0	1210	0	s	s
seq8_102	seq8_93	8200	0	-	+	+	69	0	5710	0	s	s
seq8_165	seq8_93	5635	0	-	+	+	30	0	2449	0	s	s
seq8_183	seq8_93	5295	0	-	+	+	100	0	8281	0	s	s
seq8_150	seq8_93	5239	0	-	+	+	100	0	8281	0	s	s
seq8_42	seq8_93	4089	0	-	+	+	37	0	2416	0	s	s
seq8_71	seq8_93	3684	0	-	+	+	36	0	2078	0	s	s
seq8_96	seq8_93	2348	0	-	+	+	100	0	8281	0	s	s
seq8_19	seq8_93	1702	0	-	+	+	55	0	2045	0	s	s
seq8_190	seq8_83	33379	0	-	+	+	100	0	4788	0	s	s
seq8_189	seq8_83	17320	0	-	+	+	100	0	4788	0	s	s
seq8_49	seq8_83	11464	0	-	+	+	86	0	4098	0	s	s
seq8_102	seq8_83	8723	0	-	+	+	100	0	4788	0	s	s
seq8_165	seq8_83	6141	0	-	+	+	41	0	1943	0	s	s
seq8_183	seq8_83	5801	0	-	+	+	100	0	4788	0	s	s
seq8_150	seq8_83	5746	0	-	+	+	100	0	4788	0	s	s
seq8_42	seq8_83	4597	0	-	+	+	40	0	1908	0	s	s
seq8_71	seq8_83	4193	0	-	+	+	33	0	1569	0	s	s
seq8_96	seq8_83	2851	0	-	+	+	100	0	4788	0	s	s
seq8_19	seq8_83	2209	0	-	+	+	41	0	1538	0	s	s
seq8_93	seq8_83	534	0	-	+	+	100	0	4788	0	s	s
seq8_190	seq8_76	33544	0	-	+	+	100	0	2319	0	s	s
seq8_189	seq8_76	17500	0	-	+	+	100	0	2319	0	s	s
seq8_49	seq8_76	11644	0	-	+	+	100	0	2319	0	s	s
seq8_102	seq8_76	8916	0	-	+	+	100	0	2319	0	s	s
seq8_165	seq8_76	6347	0	-	+	+	75	0	1737	0	s	s
seq8_183	seq8_76	5967	0	-	+	+	100	0	2319	0	s	s
seq8_150	seq8_76	5936	0	-	+	+	100	0	2319	0	s	s
seq8_42	seq8_76	4802	0	-	+	+	73	0	1703	0	s	s
seq8_71	seq8_76	4396	0	-	+	+	59	0	1366	0	s	s
seq8_96	seq8_76	3018	0	-	+	+	100	0	2319	0	s	s
seq8_19	seq8_76	2414	0	-	+	+	57	0	1333	0	s	s
seq8_93	seq8_76	710	0	-	+	+	100	0	2319	0	s	s
seq8_83	seq8_76	195	0	-	+	+	100	0	2319	0	s	s
seq8_190	seq8_155	34474	0	-	+	+	79	0	12179	0	s	s
seq8_189	seq8_155	18109	0	-	+	+	42	0	6504	0	s	s
seq8_49	seq8_155	12284	0	-	+	+	21	0	3278	0	s	s
seq8_102	seq8_155	9526	0	-	+	+	32	0	4384	0	s	s
seq8_165	seq8_155	6988	0	-	+	+	14	0	1096	0	s	s
seq8_183	seq8_155	6862	0	-	+	+	82	0	12765	0	s	s
seq8_150	seq8_155	6780	0	-	+	+	80	0	12395	0	s	s
seq8_42	seq8_155	5444	0	-	+	+	16	0	1061	0	s	s
seq8_96	seq8_155	3639	0	-	+	+	69	0	8023	0	s	s
seq8_93	seq8_155	1288	0	-	+	+	84	0	6993	0	s	s
seq8_83	seq8_155	805	0	-	+	+	83	0	3983	0	s	s
seq8_76	seq8_155	645	0	-	+	+	72	0	1674	0	s	s
seq8_190	seq8_188	34564	0	-	+	+	53	0	12089	0	s	s
seq8_189	seq8_188	18449	0	-	+	+	27	0	6164	0	s	s
seq8_49	seq8_188	12520	0	-	+	+	20	0	3042	0	s	s
seq8_102	seq8_188	9805	0	-	+	+	30	0	4105	0	s	s
seq8_183	seq8_188	6950	0	-	+	+	65	0	12677	0	s	s
seq8_150	seq8_188	6866	0	-	+	+	64	0	12309	0	s	s
seq8_96	seq8_188	3986	0	-	+	+	66	0	7676	0	s	s
seq8_93	seq8_188	1629	0	-	+	+	80	0	6652	0	s	s
seq8_83	seq8_188	1073	0	-	+	+	78	0	3715	0	s	s
seq8_76	seq8_188	876	0	-	+	+	62	0	1443	0	s	s
seq8_155	seq8_188	75	0	-	+	+	100	0	15422	0	s	s
seq8_190	seq8_143	34544	0	-	+	+	90	0	12109	0	s	s
seq8_189	seq8_143	18437	0	-	+	+	46	0	6176	0	s	s
seq8_49	seq8_143	12578	0	-	+	+	22	0	2984	0	s	s
seq8_102	seq8_143	9822	0	-	+	+	30	0	4088	0	s	s
seq8_183	seq8_143	6933	0	-	+	+	94	0	12694	0	s	s
seq8_150	seq8_143	6847	0	-	+	+	92	0	12328	0	s	s
seq8_96	seq8_143	4003	0	-	+	+	66	0	7659	0	s	s
seq8_93	seq8_143	1627	0	-	+	+	80	0	6654	0	s	s
seq8_83	seq8_143	1092	0	-	+	+	77	0	3696	0	s	s
seq8_76	seq8_143	919	0	-	+	+	60	0	1400	0	s	s
seq8_155	seq8_143	83	0	-	+	+	100	0	13455	0	s	s
seq8_188	seq8_143	7	0	-	+	+	100	0	13455	0	s	s
seq8_190	seq8_66	35623	0	-	+	+	100	0	1956	0	s	s
seq8_189	seq8_66	19564	0	-	+	+	100	0	1956	0	s	s
seq8_49	seq8_66	13716	0	-	+	+	94	0	1846	0	s	s
seq8_102	seq8_66	10979	0	-	+	+	100	0	1956	0	s	s
seq8_183	seq8_66	8058	0	-	+	+	100	0	1956	0	s	s
seq8_150	seq8_66	8013	0	-	+	+	100	0	1956	0	s	s
seq8_96	seq8_66	5094	0	-	+	+	100	0	1956	0	s	s
seq8_93	seq8_66	2779	0	-	+	+	100	0	1956	0	s	s
seq8_83	seq8_66	2258	0	-	+	+	100	0	1956	0	s	s
seq8_155	seq8_66	1440	0	-	+	+	100	0	1956	0	s	s
seq8_188	seq8_66	1201	0	-	+	+	100	0	1956	0	s	s
seq8_143	seq8_66	1148	0	-	+	+	100	0	1956	0	s	s
seq8_190	seq8_85	35740	0	-	+	+	100	0	6083	0	s	s
seq8_189	seq8_85	19666	0	-	+	+	81	0	4947	0	s	s
seq8_102	seq8_85	11067	0	-	+	+	47	0	2843	0	s	s
seq8_183	seq8_85	8150	0	-	+	+	100	0	6083	0	s	s
seq8_150	seq8_85	8101	0	-	+	+	100	0	6083	0	s	s
seq8_96	seq8_85	5201	0	-	+	+	100	0	6083	0	s	s
seq8_93	seq8_85	2871	0	-	+	+	89	0	5410	0	s	s
seq8_83	seq8_85	2344	0	-	+	+	51	0	2444	0	s	s
seq8_155	seq8_85	1556	0	-	+	+	100	0	6083	0	s	s
seq8_188	seq8_85	1218	0	-	+	+	100	0	6083	0	s	s
seq8_143	seq8_85	1210	0	-	+	+	100	0	6083	0	s	s
seq8_66	seq8_85	100	0	-	+	+	95	0	1856	0	s	s
seq8_190	seq8_2	35846	0	-	+	+	100	0	1225	0	s	s
seq8_189	seq8_2	19792	0	-	+	+	100	0	1225	0	s	s
seq8_102	seq8_2	11198	0	-	+	+	100	0	1225	0	s	s
seq8_183	seq8_2	8255	0	-	+	+	100	0	1225	0	s	s
seq8_150	seq8_2	8234	0	-	+	+	100	0	1225	0	s	s
seq8_96	seq8_2	5305	0	-	+	+	100	0	1225	0	s	s
seq8_93	seq8_2	3004	0	-	+	+	100	0	1225	0	s	s
seq8_83	seq8_2	2477	0	-	+	+	100	0	1225	0	s	s
seq8_155	seq8_2	1655	0	-	+	+	100	0	1225	0	s	s
seq8_188	seq8_2	1437	0	-	+	+	100	0	1225	0	s	s
seq8_143	seq8_2	1367	0	-	+	+	100	0	1225	0	s	s
seq8_66	seq8_2	235	0	-	+	+	100	0	1225	0	s	s
seq8_85	seq8_2	120	0	-	+	+	100	0	1225	0	s	s
seq8_190	seq8_164	35976	0	-	+	+	100	0	6597	0	s	s
seq8_189	seq8_164	19934	0	-	+	+	71	0	4679	0	s	s
seq8_102	seq8_164	11337	0	-	+	+	39	0	2573	0	s	s
seq8_183	seq8_164	8390	0	-	+	+	100	0	6597	0	s	s
seq8_150	seq8_164	8353	0	-	+	+	100	0	6597	0	s	s
seq8_96	seq8_164	5445	0	-	+	+	94	0	6217	0	s	s
seq8_93	seq8_164	3124	0	-	+	+	78	0	5157	0	s	s
seq8_83	seq8_164	2604	0	-	+	+	46	0	2184	0	s	s
seq8_155	seq8_164	1817	0	-	+	+	100	0	6597	0	s	s
seq8_188	seq8_164	1467	0	-	+	+	100	0	6597	0	s	s
seq8_143	seq8_164	1453	0	-	+	+	100	0	6597	0	s	s
seq8_66	seq8_164	349	0	-	+	+	82	0	1607	0	s	s
seq8_85	seq8_164	255	0	-	+	+	96	0	5828	0	s	s
seq8_2	seq8_164	126	0	-	+	+	90	0	1099	0	s	s
seq8_190	seq8_39	36851	0	-	+	+	100	0	4893	0	s	s
seq8_189	seq8_39	20782	0	-	+	+	78	0	3831	0	s	s
seq8_102	seq8_39	12173	0	-	+	+	35	0	1737	0	s	s
seq8_183	seq8_39	9267	0	-	+	+	100	0	4893	0	s	s
seq8_150	seq8_39	9213	0	-	+	+	100	0	4893	0	s	s
seq8_96	seq8_39	6309	0	-	+	+	100	0	4893	0	s	s
seq8_93	seq8_39	3979	0	-	+	+	88	0	4302	0	s	s
seq8_83	seq8_39	3460	0	-	+	+	28	0	1328	0	s	s
seq8_155	seq8_39	2672	0	-	+	+	100	0	4893	0	s	s
seq8_188	seq8_39	2331	0	-	+	+	100	0	4893	0	s	s
seq8_143	seq8_39	2324	0	-	+	+	100	0	4893	0	s	s
seq8_85	seq8_39	1116	0	-	+	+	100	0	4893	0	s	s
seq8_164	seq8_39	855	0	-	+	+	100	0	4893	0	s	s
seq8_190	seq8_67	37660	0	-	+	+	77	0	8993	0	s	s
seq8_189	seq8_67	21549	0	-	+	+	26	0	3064	0	s	s
seq8_183	seq8_67	10055	0	-	+	+	82	0	9572	0	s	s
seq8_150	seq8_67	9964	0	-	+	+	79	0	9211	0	s	s
seq8_96	seq8_67	7111	0	-	+	+	39	0	4551	0	s	s
seq8_93	seq8_67	4739	0	-	+	+	43	0	3542	0	s	s
seq8_155	seq8_67	3172	0	-	+	+	100	0	11651	0	s	s
seq8_188	seq8_67	3098	0	-	+	+	100	0	11651	0	s	s
seq8_143	seq8_67	3099	0	-	+	+	89	0	10356	0	s	s
seq8_85	seq8_67	1892	0	-	+	+	69	0	4191	0	s	s
seq8_164	seq8_67	1654	0	-	+	+	75	0	4943	0	s	s
seq8_39	seq8_67	778	0	-	+	+	84	0	4115	0	s	s
seq8_190	seq8_117	37889	0	-	+	+	100	0	4971	0	s	s
seq8_189	seq8_117	21827	0	-	+	+	56	0	2786	0	s	s
seq8_183	seq8_117	10308	0	-	+	+	100	0	4971	0	s	s
seq8_150	seq8_117	10277	0	-	+	+	100	0	4971	0	s	s
seq8_96	seq8_117	7365	0	-	+	+	86	0	4297	0	s	s
seq8_93	seq8_117	5017	0	-	+	+	66	0	3264	0	s	s
seq8_155	seq8_117	3744	0	-	+	+	100	0	4971	0	s	s
seq8_188	seq8_117	3380	0	-	+	+	100	0	4971	0	s	s
seq8_143	seq8_117	3370	0	-	+	+	100	0	4971	0	s	s
seq8_85	seq8_117	2165	0	-	+	+	79	0	3918	0	s	s
seq8_164	seq8_117	1918	0	-	+	+	94	0	4679	0	s	s
seq8_39	seq8_117	1047	0	-	+	+	79	0	3846	0	s	s
seq8_67	seq8_117	265	0	-	+	+	100	0	4971	0	s	s
seq8_190	seq8_157	38124	0	-	+	+	100	0	1892	0	s	s
seq8_189	seq8_157	22081	0	-	+	+	100	0	1892	0	s	s
seq8_183	seq8_157	10570	0	-	+	+	100	0	1892	0	s	s
seq8_150	seq8_157	10505	0	-	+	+	100	0	1892	0	s	s
seq8_96	seq8_157	7616	0	-	+	+	100	0	1892	0	s	s
seq8_93	seq8_157	5271	0	-	+	+	100	0	1892	0	s	s
seq8_155	seq8_157	3967	0	-	+	+	100	0	1892	0	s	s
seq8_188	seq8_157	3641	0	-	+	+	100	0	1892	0	s	s
seq8_143	seq8_157	3661	0	-	+	+	100	0	1892	0	s	s
seq8_85	seq8_157	2417	0	-	+	+	100	0	1892	0	s	s
seq8_164	seq8_157	2128	0	-	+	+	100	0	1892	0	s	s
seq8_39	seq8_157	1303	0	-	+	+	100	0	1892	0	s	s
seq8_67	seq8_157	530	0	-	+	+	100	0	1892	0	s	s
seq8_117	seq8_157	239	0	-	+	+	100	0	1892	0	s	s
seq8_190	seq8_9	38163	0	-	+	+	100	0	1389	0	s	s
seq8_189	seq8_9	22112	0	-	+	+	100	0	1389	0	s	s
seq8_183	seq8_9	10598	0	-	+	+	100	0	1389	0	s	s
seq8_150	seq8_9	10533	0	-	+	+	100	0	1389	0	s	s
seq8_96	seq8_9	7637	0	-	+	+	100	0	1389	0	s	s
seq8_93	seq8_9	5323	0	-	+	+	100	0	1389	0	s	s
seq8_155	seq8_9	3987	0	-	+	+	100	0	1389	0	s	s
seq8_188	seq8_9	3681	0	-	+	+	100	0	1389	0	s	s
seq8_143	seq8_9	3686	0	-	+	+	100	0	1389	0	s	s
seq8_85	seq8_9	2455	0	-	+	+	100	0	1389	0	s	s
seq8_164	seq8_9	2173	0	-	+	+	100	0	1389	0	s	s
seq8_39	seq8_9	1342	0	-	+	+	100	0	1389	0	s	s
seq8_67	seq8_9	559	0	-	+	+	100	0	1389	0	s	s
seq8_117	seq8_9	267	0	-	+	+	100	0	1389	0	s	s
seq8_157	seq8_9	44	0	-	+	+	100	0	1389	0	s	s
seq8_190	seq8_181	38333	0	-	+	+	100	0	4378	0	s	s
seq8_189	seq8_181	22265	0	-	+	+	54	0	2348	0	s	s
seq8_183	seq8_181	10746	0	-	+	+	100	0	4378	0	s	s
seq8_150	seq8_181	10711	0	-	+	+	100	0	4378	0	s	s
seq8_96	seq8_181	7805	0	-	+	+	88	0	3857	0	s	s
seq8_93	seq8_181	5462	0	-	+	+	64	0	2819	0	s	s
seq8_155	seq8_181	4178	0	-	+	+	100	0	4378	0	s	s
seq8_188	seq8_181	3823	0	-	+	+	100	0	4378	0	s	s
seq8_143	seq8_181	3804	0	-	+	+	100	0	4378	0	s	s
seq8_85	seq8_181	2602	0	-	+	+	80	0	3481	0	s	s
seq8_164	seq8_181	2351	0	-	+	+	97	0	4246	0	s	s
seq8_39	seq8_181	1492	0	-	+	+	78	0	3401	0	s	s
seq8_67	seq8_181	703	0	-	+	+	100	0	4378	0	s	s
seq8_117	seq8_181	439	0	-	+	+	100	0	4378	0	s	s
seq8_157	seq8_181	168	0	-	+	+	91	0	1724	0	s	s
seq8_9	seq8_181	139	0	-	+	+	90	0	1250	0	s	s
seq8_190	seq8_88	38346	0	-	+	+	100	0	5189	0	s	s
seq8_183	seq8_88	10771	0	-	+	+	100	0	5189	0	s	s
seq8_150	seq8_88	10745	0	-	+	+	100	0	5189	0	s	s
seq8_96	seq8_88	7826	0	-	+	+	74	0	3836	0	s	s
seq8_93	seq8_88	5484	0	-	+	+	54	0	2797	0	s	s
seq8_155	seq8_88	4205	0	-	+	+	100	0	5189	0	s	s
seq8_188	seq8_88	3843	0	-	+	+	100	0	5189	0	s	s
seq8_143	seq8_88	3831	0	-	+	+	100	0	5189	0	s	s
seq8_85	seq8_88	2619	0	-	+	+	67	0	3464	0	s	s
seq8_164	seq8_88	2367	0	-	+	+	82	0	4230	0	s	s
seq8_39	seq8_88	1509	0	-	+	+	69	0	3384	0	s	s
seq8_67	seq8_88	718	0	-	+	+	100	0	5189	0	s	s
seq8_117	seq8_88	464	0	-	+	+	91	0	4507	0	s	s
seq8_157	seq8_88	215	0	-	+	+	89	0	1677	0	s	s
seq8_9	seq8_88	181	0	-	+	+	87	0	1208	0	s	s
seq8_181	seq8_88	17	0	-	+	+	100	0	4361	0	s	s
seq8_190	seq8_137	39016	0	-	+	+	33	0	7637	0	s	s
seq8_183	seq8_137	11393	0	-	+	+	42	0	8234	0	s	s
seq8_150	seq8_137	11312	0	-	+	+	41	0	7863	0	s	s
seq8_96	seq8_137	8460	0	-	+	+	27	0	3202	0	s	s
seq8_93	seq8_137	6105	0	-	+	+	26	0	2176	0	s	s
seq8_155	seq8_137	4575	0	-	+	+	70	0	10922	0	s	s
seq8_188	seq8_137	4400	0	-	+	+	81	0	18336	0	s	s
seq8_143	seq8_137	4472	0	-	+	+	67	0	8983	0	s	s
seq8_85	seq8_137	3253	0	-	+	+	47	0	2830	0	s	s
seq8_164	seq8_137	3019	0	-	+	+	54	0	3578	0	s	s
seq8_39	seq8_137	2145	0	-	+	+	56	0	2748	0	s	s
seq8_67	seq8_137	1390	0	-	+	+	88	0	10261	0	s	s
seq8_117	seq8_137	1111	0	-	+	+	78	0	3860	0	s	s
seq8_157	seq8_137	843	0	-	+	+	55	0	1049	0	s	s
seq8_181	seq8_137	666	0	-	+	+	85	0	3712	0	s	s
seq8_88	seq8_137	654	0	-	+	+	87	0	4535	0	s	s
seq8_190	seq8_61	39674	0	-	+	+	100	0	1916	0	s	s
seq8_183	seq8_61	12092	0	-	+	+	100	0	1916	0	s	s
seq8_150	seq8_61	12039	0	-	+	+	100	0	1916	0	s	s
seq8_96	seq8_61	9136	0	-	+	+	100	0	1916	0	s	s
seq8_93	seq8_61	6774	0	-	+	+	79	0	1507	0	s	s
seq8_155	seq8_61	5502	0	-	+	+	100	0	1916	0	s	s
seq8_188	seq8_61	5153	0	-	+	+	100	0	1916	0	s	s
seq8_143	seq8_61	5153	0	-	+	+	100	0	1916	0	s	s
seq8_85	seq8_61	3933	0	-	+	+	100	0	1916	0	s	s
seq8_164	seq8_61	3678	0	-	+	+	100	0	1916	0	s	s
seq8_39	seq8_61	2827	0	-	+	+	100	0	1916	0	s	s
seq8_67	seq8_61	2045	0	-	+	+	100	0	1916	0	s	s
seq8_117	seq8_61	1777	0	-	+	+	100	0	1916	0	s	s
seq8_181	seq8_61	1335	0	-	+	+	100	0	1916	0	s	s
seq8_88	seq8_61	1315	0	-	+	+	100	0	1916	0	s	s
seq8_137	seq8_61	689	0	-	+	+	100	0	1916	0	s	s
seq8_190	seq8_91	40239	0	-	+	+	100	0	3118	0	s	s
seq8_183	seq8_91	12661	0	-	+	+	100	0	3118	0	s	s
seq8_150	seq8_91	12626	0	-	+	+	100	0	3118	0	s	s
seq8_96	seq8_91	9704	0	-	+	+	63	0	1958	0	s	s
seq8_155	seq8_91	6095	0	-	+	+	100	0	3118	0	s	s
seq8_188	seq8_91	5727	0	-	+	+	100	0	3118	0	s	s
seq8_143	seq8_91	5719	0	-	+	+	100	0	3118	0	s	s
seq8_85	seq8_91	4497	0	-	+	+	51	0	1586	0	s	s
seq8_164	seq8_91	4256	0	-	+	+	75	0	2341	0	s	s
seq8_39	seq8_91	3385	0	-	+	+	48	0	1508	0	s	s
seq8_67	seq8_91	2612	0	-	+	+	100	0	3118	0	s	s
seq8_117	seq8_91	2350	0	-	+	+	84	0	2621	0	s	s
seq8_181	seq8_91	1906	0	-	+	+	79	0	2472	0	s	s
seq8_88	seq8_91	1888	0	-	+	+	100	0	3118	0	s	s
seq8_137	seq8_91	1236	0	-	+	+	100	0	3118	0	s	s
seq8_61	seq8_91	558	0	-	+	+	71	0	1358	0	s	s
seq8_190	seq8_106	43464	0	-	+	+	100	0	2785	0	s	s
seq8_183	seq8_106	15846	0	-	+	+	100	0	2785	0	s	s
seq8_150	seq8_106	15792	0	-	+	+	100	0	2785	0	s	s
seq8_155	seq8_106	8997	0	-	+	+	100	0	2785	0	s	s
seq8_188	seq8_106	8894	0	-	+	+	100	0	2785	0	s	s
seq8_143	seq8_106	8917	0	-	+	+	100	0	2785	0	s	s
seq8_67	seq8_106	5804	0	-	+	+	100	0	2785	0	s	s
seq8_137	seq8_106	4439	0	-	+	+	100	0	2785	0	s	s
seq8_183	seq8_53	15917	0	-	+	+	100	0	2948	0	s	s
seq8_150	seq8_53	15854	0	-	+	+	100	0	2948	0	s	s
seq8_155	seq8_53	9063	0	-	+	+	100	0	2948	0	s	s
seq8_188	seq8_53	8972	0	-	+	+	100	0	2948	0	s	s
seq8_143	seq8_53	8989	0	-	+	+	100	0	2948	0	s	s
seq8_67	seq8_53	5875	0	-	+	+	100	0	2948	0	s	s
seq8_137	seq8_53	4522	0	-	+	+	100	0	2948	0	s	s
seq8_106	seq8_53	59	0	-	+	+	98	0	2726	0	s	s
seq8_183	seq8_32	16053	0	-	+	+	70	0	3574	0	s	s
seq8_150	seq8_32	15977	0	-	+	+	63	0	3198	0	s	s
seq8_155	seq8_32	9215	0	-	+	+	100	0	5078	0	s	s
seq8_188	seq8_32	9136	0	-	+	+	100	0	5078	0	s	s
seq8_143	seq8_32	9108	0	-	+	+	86	0	4347	0	s	s
seq8_67	seq8_32	6024	0	-	+	+	100	0	5078	0	s	s
seq8_137	seq8_32	4654	0	-	+	+	100	0	5078	0	s	s
seq8_106	seq8_32	205	0	-	+	+	93	0	2580	0	s	s
seq8_53	seq8_32	137	0	-	+	+	95	0	2811	0	s	s
seq8_183	seq8_180	16246	0	-	+	+	83	0	3381	0	s	s
seq8_150	seq8_180	16169	0	-	+	+	74	0	3006	0	s	s
seq8_155	seq8_180	9379	0	-	+	+	100	0	4069	0	s	s
seq8_188	seq8_180	9302	0	-	+	+	100	0	4069	0	s	s
seq8_143	seq8_180	9301	0	-	+	+	100	0	4069	0	s	s
seq8_67	seq8_180	6197	0	-	+	+	100	0	4069	0	s	s
seq8_137	seq8_180	4824	0	-	+	+	100	0	4069	0	s	s
seq8_106	seq8_180	397	0	-	+	+	86	0	2388	0	s	s
seq8_53	seq8_180	326	0	-	+	+	89	0	2622	0	s	s
seq8_32	seq8_180	192	0	-	+	+	100	0	4069	0	s	s
seq8_183	seq8_11	16971	0	-	+	+	65	0	2656	0	s	s
seq8_150	seq8_11	16894	0	-	+	+	56	0	2281	0	s	s
seq8_155	seq8_11	10100	0	-	+	+	100	0	4057	0	s	s
seq8_188	seq8_11	10030	0	-	+	+	100	0	4057	0	s	s
seq8_143	seq8_11	10013	0	-	+	+	85	0	3442	0	s	s
seq8_67	seq8_11	6920	0	-	+	+	100	0	4057	0	s	s
seq8_137	seq8_11	5542	0	-	+	+	100	0	4057	0	s	s
seq8_106	seq8_11	1127	0	-	+	+	60	0	1658	0	s	s
seq8_53	seq8_11	1051	0	-	+	+	64	0	1897	0	s	s
seq8_32	seq8_11	894	0	-	+	+	100	0	4057	0	s	s
seq8_180	seq8_11	721	0	-	+	+	83	0	3348	0	s	s
seq8_183	seq8_124	17349	0	-	+	+	100	0	2091	0	s	s
seq8_150	seq8_124	17267	0	-	+	+	91	0	1908	0	s	s
seq8_155	seq8_124	10483	0	-	+	+	100	0	2091	0	s	s
seq8_188	seq8_124	10395	0	-	+	+	100	0	2091	0	s	s
seq8_143	seq8_124	10419	0	-	+	+	100	0	2091	0	s	s
seq8_67	seq8_124	7295	0	-	+	+	100	0	2091	0	s	s
seq8_137	seq8_124	5952	0	-	+	+	100	0	2091	0	s	s
seq8_106	seq8_124	1515	0	-	+	+	61	0	1270	0	s	s
seq8_53	seq8_124	1438	0	-	+	+	72	0	1510	0	s	s
seq8_32	seq8_124	1289	0	-	+	+	100	0	2091	0	s	s
seq8_180	seq8_124	1101	0	-	+	+	100	0	2091	0	s	s
seq8_11	seq8_124	373	0	-	+	+	100	0	2091	0	s	s
seq8_183	seq8_147	18189	0	-	+	+	15	0	1438	0	s	s
seq8_155	seq8_147	11328	0	-	+	+	43	0	4169	0	s	s
seq8_188	seq8_147	11148	0	-	+	+	100	0	9735	0	s	s
seq8_143	seq8_147	11240	0	-	+	+	23	0	2215	0	s	s
seq8_67	seq8_147	8157	0	-	+	+	36	0	3494	0	s	s
seq8_137	seq8_147	6723	0	-	+	+	100	0	9735	0	s	s
seq8_32	seq8_147	2122	0	-	+	+	58	0	2956	0	s	s
seq8_180	seq8_147	1949	0	-	+	+	52	0	2120	0	s	s
seq8_11	seq8_147	1230	0	-	+	+	70	0	2827	0	s	s
seq8_124	seq8_147	842	0	-	+	+	60	0	1249	0	s	s
seq8_155	seq8_174	11973	0	-	+	+	100	0	3360	0	s	s
seq8_188	seq8_174	11892	0	-	+	+	100	0	3360	0	s	s
seq8_143	seq8_174	11877	0	-	+	+	47	0	1578	0	s	s
seq8_67	seq8_174	8775	0	-	+	+	86	0	2876	0	s	s
seq8_137	seq8_174	7399	0	-	+	+	100	0	3360	0	s	s
seq8_32	seq8_174	2745	0	-	+	+	69	0	2333	0	s	s
seq8_180	seq8_174	2581	0	-	+	+	44	0	1488	0	s	s
seq8_11	seq8_174	1851	0	-	+	+	66	0	2206	0	s	s
seq8_147	seq8_174	644	0	-	+	+	100	0	3360	0	s	s
seq8_155	seq8_185	12012	0	-	+	+	25	0	3485	0	s	s
seq8_188	seq8_185	11878	0	-	+	+	78	0	10858	0	s	s
seq8_67	seq8_185	8843	0	-	+	+	24	0	2808	0	s	s
seq8_137	seq8_185	7472	0	-	+	+	100	0	13919	0	s	s
seq8_32	seq8_185	2824	0	-	+	+	44	0	2254	0	s	s
seq8_180	seq8_185	2647	0	-	+	+	35	0	1422	0	s	s
seq8_11	seq8_185	1932	0	-	+	+	52	0	2125	0	s	s
seq8_147	seq8_185	739	0	-	+	+	92	0	8996	0	s	s
seq8_174	seq8_185	51	0	-	+	+	98	0	3309	0	s	s
seq8_155	seq8_31	12458	0	-	+	+	100	0	2901	0	s	s
seq8_188	seq8_31	12378	0	-	+	+	100	0	2901	0	s	s
seq8_67	seq8_31	9268	0	-	+	+	82	0	2383	0	s	s
seq8_137	seq8_31	7882	0	-	+	+	100	0	2901	0	s	s
seq8_32	seq8_31	3234	0	-	+	+	64	0	1844	0	s	s
seq8_11	seq8_31	2348	0	-	+	+	59	0	1709	0	s	s
seq8_147	seq8_31	1127	0	-	+	+	100	0	2901	0	s	s
seq8_174	seq8_31	484	0	-	+	+	99	0	2876	0	s	s
seq8_185	seq8_31	435	0	-	+	+	100	0	2901	0	s	s
seq8_155	seq8_123	12625	0	-	+	+	71	0	2872	0	s	s
seq8_188	seq8_123	12563	0	-	+	+	100	0	4067	0	s	s
seq8_67	seq8_123	9442	0	-	+	+	54	0	2209	0	s	s
seq8_137	seq8_123	8060	0	-	+	+	100	0	4067	0	s	s
seq8_32	seq8_123	3414	0	-	+	+	41	0	1664	0	s	s
seq8_11	seq8_123	2527	0	-	+	+	38	0	1530	0	s	s
seq8_147	seq8_123	1303	0	-	+	+	100	0	4067	0	s	s
seq8_174	seq8_123	645	0	-	+	+	81	0	2715	0	s	s
seq8_185	seq8_123	615	0	-	+	+	100	0	4067	0	s	s
seq8_31	seq8_123	163	0	-	+	+	94	0	2738	0	s	s
seq8_155	seq8_59	12954	0	-	+	+	100	0	1753	0	s	s
seq8_188	seq8_59	12881	0	-	+	+	100	0	1753	0	s	s
seq8_67	seq8_59	9781	0	-	+	+	100	0	1753	0	s	s
seq8_137	seq8_59	8395	0	-	+	+	100	0	1753	0	s	s
seq8_32	seq8_59	3745	0	-	+	+	76	0	1333	0	s	s
seq8_11	seq8_59	2851	0	-	+	+	69	0	1206	0	s	s
seq8_147	seq8_59	1630	0	-	+	+	100	0	1753	0	s	s
seq8_174	seq8_59	1009	0	-	+	+	100	0	1753	0	s	s
seq8_185	seq8_59	938	0	-	+	+	100	0	1753	0	s	s
seq8_31	seq8_59	515	0	-	+	+	100	0	1753	0	s	s
seq8_123	seq8_59	339	0	-	+	+	100	0	1753	0	s	s
seq8_155	seq8_175	13451	0	-	+	+	14	0	2046	0	s	s
seq8_188	seq8_175	13293	0	-	+	+	64	0	9443	0	s	s
seq8_67	seq8_175	10284	0	-	+	+	12	0	1367	0	s	s
seq8_137	seq8_175	8881	0	-	+	+	99	0	14529	0	s	s
seq8_32	seq8_175	3899	0	-	+	+	23	0	1179	0	s	s
seq8_11	seq8_175	3006	0	-	+	+	26	0	1051	0	s	s
seq8_147	seq8_175	2131	0	-	+	+	78	0	7604	0	s	s
seq8_174	seq8_175	1478	0	-	+	+	56	0	1882	0	s	s
seq8_185	seq8_175	1439	0	-	+	+	90	0	12480	0	s	s
seq8_31	seq8_175	997	0	-	+	+	66	0	1904	0	s	s
seq8_123	seq8_175	817	0	-	+	+	80	0	3250	0	s	s
seq8_59	seq8_175	391	0	-	+	+	78	0	1362	0	s	s
seq8_155	seq8_74	13305	0	-	+	+	100	0	1019	0	s	s
seq8_188	seq8_74	13227	0	-	+	+	100	0	1019	0	s	s
seq8_67	seq8_74	10117	0	-	+	+	100	0	1019	0	s	s
seq8_137	seq8_74	8745	0	-	+	+	100	0	1019	0	s	s
seq8_147	seq8_74	1971	0	-	+	+	100	0	1019	0	s	s
seq8_174	seq8_74	1351	0	-	+	+	100	0	1019	0	s	s
seq8_185	seq8_74	1273	0	-	+	+	100	0	1019	0	s	s
seq8_31	seq8_74	861	0	-	+	+	100	0	1019	0	s	s
seq8_123	seq8_74	684	0	-	+	+	100	0	1019	0	s	s
seq8_59	seq8_74	352	0	-	+	+	100	0	1019	0	s	s
seq8_175	seq8_74	197	0	-	+	+	100	0	1019	0	s	s
seq8_155	seq8_176	13293	0	-	+	+	14	0	2204	0	s	s
seq8_188	seq8_176	13090	0	-	+	+	54	0	9646	0	s	s
seq8_137	seq8_176	8667	0	-	+	+	83	0	14743	0	s	s
seq8_147	seq8_176	1940	0	-	+	+	80	0	7795	0	s	s
seq8_174	seq8_176	1325	0	-	+	+	61	0	2035	0	s	s
seq8_185	seq8_176	1220	0	-	+	+	91	0	12699	0	s	s
seq8_31	seq8_176	845	0	-	+	+	71	0	2056	0	s	s
seq8_123	seq8_176	646	0	-	+	+	84	0	3421	0	s	s
seq8_59	seq8_176	347	0	-	+	+	80	0	1406	0	s	s
seq8_74	seq8_176	6	0	-	+	+	99	0	1013	0	s	s
seq8_155	seq8_160	13438	0	-	+	+	50	0	2059	0	s	s
seq8_188	seq8_160	13379	0	-	+	+	100	0	4114	0	s	s
seq8_137	seq8_160	8863	0	-	+	+	100	0	4114	0	s	s
seq8_147	seq8_160	2106	0	-	+	+	100	0	4114	0	s	s
seq8_174	seq8_160	1477	0	-	+	+	56	0	1883	0	s	s
seq8_185	seq8_160	1422	0	-	+	+	100	0	4114	0	s	s
seq8_31	seq8_160	992	0	-	+	+	66	0	1909	0	s	s
seq8_123	seq8_160	797	0	-	+	+	80	0	3270	0	s	s
seq8_59	seq8_160	492	0	-	+	+	72	0	1261	0	s	s
seq8_175	seq8_160	5	0	-	+	+	100	0	4114	0	s	s
seq8_176	seq8_160	170	0	-	+	+	100	0	4114	0	s	s
seq8_188	seq8_132	14488	0	-	+	+	45	0	8248	0	s	s
seq8_137	seq8_132	10047	0	-	+	+	72	0	13363	0	s	s
seq8_147	seq8_132	3343	0	-	+	+	66	0	6392	0	s	s
seq8_185	seq8_132	2590	0	-	+	+	81	0	11329	0	s	s
seq8_123	seq8_132	2010	0	-	+	+	51	0	2057	0	s	s
seq8_175	seq8_132	1166	0	-	+	+	92	0	13509	0	s	s
seq8_176	seq8_132	1380	0	-	+	+	92	0	16419	0	s	s
seq8_160	seq8_132	1198	0	-	+	+	71	0	2916	0	s	s
seq8_188	seq8_98	14878	0	-	+	+	100	0	2209	0	s	s
seq8_137	seq8_98	10364	0	-	+	+	100	0	2209	0	s	s
seq8_147	seq8_98	3609	0	-	+	+	100	0	2209	0	s	s
seq8_185	seq8_98	2923	0	-	+	+	100	0	2209	0	s	s
seq8_123	seq8_98	2314	0	-	+	+	79	0	1753	0	s	s
seq8_175	seq8_98	1502	0	-	+	+	100	0	2209	0	s	s
seq8_176	seq8_98	1673	0	-	+	+	100	0	2209	0	s	s
seq8_160	seq8_98	1511	0	-	+	+	100	0	2209	0	s	s
seq8_132	seq8_98	299	0	-	+	+	100	0	2209	0	s	s
seq8_188	seq8_119	15054	0	-	+	+	100	0	4248	0	s	s
seq8_137	seq8_119	10530	0	-	+	+	100	0	4248	0	s	s
seq8_147	seq8_119	3794	0	-	+	+	100	0	4248	0	s	s
seq8_185	seq8_119	3088	0	-	+	+	100	0	4248	0	s	s
seq8_123	seq8_119	2485	0	-	+	+	39	0	1582	0	s	s
seq8_175	seq8_119	1700	0	-	+	+	100	0	4248	0	s	s
seq8_176	seq8_119	1852	0	-	+	+	100	0	4248	0	s	s
seq8_160	seq8_119	1684	0	-	+	+	59	0	2430	0	s	s
seq8_132	seq8_119	478	0	-	+	+	100	0	4248	0	s	s
seq8_98	seq8_119	175	0	-	+	+	92	0	2034	0	s	s
seq8_188	seq8_113	15024	0	-	+	+	39	0	7712	0	s	s
seq8_137	seq8_113	10611	0	-	+	+	65	0	12799	0	s	s
seq8_147	seq8_113	3888	0	-	+	+	60	0	5847	0	s	s
seq8_185	seq8_113	3158	0	-	+	+	77	0	10761	0	s	s
seq8_123	seq8_113	2524	0	-	+	+	38	0	1543	0	s	s
seq8_175	seq8_113	1730	0	-	+	+	88	0	12945	0	s	s
seq8_176	seq8_113	1944	0	-	+	+	89	0	15855	0	s	s
seq8_160	seq8_113	1718	0	-	+	+	58	0	2396	0	s	s
seq8_132	seq8_113	564	0	-	+	+	97	0	17904	0	s	s
seq8_98	seq8_113	216	0	-	+	+	90	0	1993	0	s	s
seq8_119	seq8_113	64	0	-	+	+	98	0	4184	0	s	s
seq8_188	seq8_159	15241	0	-	+	+	100	0	2056	0	s	s
seq8_137	seq8_159	10731	0	-	+	+	100	0	2056	0	s	s
seq8_147	seq8_159	3972	0	-	+	+	100	0	2056	0	s	s
seq8_185	seq8_159	3292	0	-	+	+	100	0	2056	0	s	s
seq8_123	seq8_159	2675	0	-	+	+	68	0	1392	0	s	s
seq8_175	seq8_159	1872	0	-	+	+	100	0	2056	0	s	s
seq8_176	seq8_159	2034	0	-	+	+	100	0	2056	0	s	s
seq8_160	seq8_159	1878	0	-	+	+	100	0	2056	0	s	s
seq8_132	seq8_159	666	0	-	+	+	100	0	2056	0	s	s
seq8_98	seq8_159	369	0	-	+	+	89	0	1840	0	s	s
seq8_119	seq8_159	198	0	-	+	+	100	0	2056	0	s	s
seq8_113	seq8_159	155	0	-	+	+	100	0	2056	0	s	s
seq8_188	seq8_1	15312	0	-	+	+	100	0	3021	0	s	s
seq8_137	seq8_1	10804	0	-	+	+	100	0	3021	0	s	s
seq8_147	seq8_1	4064	0	-	+	+	100	0	3021	0	s	s
seq8_185	seq8_1	3368	0	-	+	+	100	0	3021	0	s	s
seq8_123	seq8_1	2745	0	-	+	+	44	0	1322	0	s	s
seq8_175	seq8_1	1964	0	-	+	+	100	0	3021	0	s	s
seq8_176	seq8_1	2123	0	-	+	+	100	0	3021	0	s	s
seq8_160	seq8_1	1951	0	-	+	+	72	0	2163	0	s	s
seq8_132	seq8_1	759	0	-	+	+	100	0	3021	0	s	s
seq8_98	seq8_1	443	0	-	+	+	80	0	1766	0	s	s
seq8_119	seq8_1	279	0	-	+	+	100	0	3021	0	s	s
seq8_113	seq8_1	217	0	-	+	+	100	0	3021	0	s	s
seq8_159	seq8_1	79	0	-	+	+	96	0	1977	0	s	s
seq8_188	seq8_141	16050	0	-	+	+	64	0	6686	0	s	s
seq8_137	seq8_141	11591	0	-	+	+	100	0	10384	0	s	s
seq8_147	seq8_141	4896	0	-	+	+	50	0	4839	0	s	s
seq8_185	seq8_141	4151	0	-	+	+	94	0	9768	0	s	s
seq8_175	seq8_141	2710	0	-	+	+	100	0	10384	0	s	s
seq8_176	seq8_141	2924	0	-	+	+	100	0	10384	0	s	s
seq8_160	seq8_141	2800	0	-	+	+	32	0	1314	0	s	s
seq8_132	seq8_141	1544	0	-	+	+	100	0	10384	0	s	s
seq8_119	seq8_141	1106	0	-	+	+	74	0	3142	0	s	s
seq8_113	seq8_141	980	0	-	+	+	100	0	10384	0	s	s
seq8_159	seq8_141	930	0	-	+	+	55	0	1126	0	s	s
seq8_1	seq8_141	840	0	-	+	+	72	0	2181	0	s	s
seq8_188	seq8_99	17393	0	-	+	+	100	0	3727	0	s	s
seq8_137	seq8_99	12962	0	-	+	+	100	0	3727	0	s	s
seq8_147	seq8_99	6242	0	-	+	+	94	0	3493	0	s	s
seq8_185	seq8_99	5506	0	-	+	+	100	0	3727	0	s	s
seq8_175	seq8_99	4117	0	-	+	+	100	0	3727	0	s	s
seq8_176	seq8_99	4308	0	-	+	+	100	0	3727	0	s	s
seq8_132	seq8_99	2901	0	-	+	+	100	0	3727	0	s	s
seq8_119	seq8_99	2414	0	-	+	+	49	0	1834	0	s	s
seq8_113	seq8_99	2355	0	-	+	+	100	0	3727	0	s	s
seq8_141	seq8_99	1351	0	-	+	+	100	0	3727	0	s	s
seq8_188	seq8_65	17545	0	-	+	+	66	0	5191	0	s	s
seq8_137	seq8_65	13192	0	-	+	+	100	0	7834	0	s	s
seq8_147	seq8_65	6420	0	-	+	+	42	0	3315	0	s	s
seq8_185	seq8_65	5716	0	-	+	+	100	0	7834	0	s	s
seq8_175	seq8_65	4280	0	-	+	+	100	0	7834	0	s	s
seq8_176	seq8_65	4477	0	-	+	+	100	0	7834	0	s	s
seq8_132	seq8_65	3116	0	-	+	+	100	0	7834	0	s	s
seq8_119	seq8_65	2604	0	-	+	+	39	0	1644	0	s	s
seq8_113	seq8_65	2541	0	-	+	+	100	0	7834	0	s	s
seq8_141	seq8_65	1555	0	-	+	+	100	0	7834	0	s	s
seq8_99	seq8_65	174	0	-	+	+	95	0	3553	0	s	s
seq8_188	seq8_114	17694	0	-	+	+	100	0	2348	0	s	s
seq8_137	seq8_114	13254	0	-	+	+	100	0	2348	0	s	s
seq8_147	seq8_114	6524	0	-	+	+	100	0	2348	0	s	s
seq8_185	seq8_114	5798	0	-	+	+	100	0	2348	0	s	s
seq8_175	seq8_114	4413	0	-	+	+	100	0	2348	0	s	s
seq8_176	seq8_114	4596	0	-	+	+	100	0	2348	0	s	s
seq8_132	seq8_114	3190	0	-	+	+	100	0	2348	0	s	s
seq8_119	seq8_114	2727	0	-	+	+	65	0	1521	0	s	s
seq8_113	seq8_114	2664	0	-	+	+	100	0	2348	0	s	s
seq8_141	seq8_114	1626	0	-	+	+	100	0	2348	0	s	s
seq8_99	seq8_114	300	0	-	+	+	100	0	2348	0	s	s
seq8_65	seq8_114	110	0	-	+	+	100	0	2348	0	s	s
seq8_188	seq8_18	17897	0	-	+	+	100	0	3657	0	s	s
seq8_137	seq8_18	13465	0	-	+	+	100	0	3657	0	s	s
seq8_147	seq8_18	6740	0	-	+	+	82	0	2995	0	s	s
seq8_185	seq8_18	6006	0	-	+	+	100	0	3657	0	s	s
seq8_175	seq8_18	4629	0	-	+	+	100	0	3657	0	s	s
seq8_176	seq8_18	4813	0	-	+	+	100	0	3657	0	s	s
seq8_132	seq8_18	3417	0	-	+	+	100	0	3657	0	s	s
seq8_119	seq8_18	2923	0	-	+	+	36	0	1325	0	s	s
seq8_113	seq8_18	2867	0	-	+	+	100	0	3657	0	s	s
seq8_141	seq8_18	1846	0	-	+	+	100	0	3657	0	s	s
seq8_99	seq8_18	501	0	-	+	+	88	0	3226	0	s	s
seq8_65	seq8_18	336	0	-	+	+	100	0	3657	0	s	s
seq8_114	seq8_18	206	0	-	+	+	91	0	2142	0	s	s
seq8_188	seq8_167	18960	0	-	+	+	17	0	3776	0	s	s
seq8_137	seq8_167	14523	0	-	+	+	38	0	8887	0	s	s
seq8_147	seq8_167	7819	0	-	+	+	20	0	1916	0	s	s
seq8_185	seq8_167	7064	0	-	+	+	49	0	6855	0	s	s
seq8_175	seq8_167	5642	0	-	+	+	62	0	9033	0	s	s
seq8_176	seq8_167	5856	0	-	+	+	67	0	11943	0	s	s
seq8_132	seq8_167	4476	0	-	+	+	76	0	13992	0	s	s
seq8_113	seq8_167	3912	0	-	+	+	80	0	15739	0	s	s
seq8_141	seq8_167	2932	0	-	+	+	72	0	7452	0	s	s
seq8_99	seq8_167	1574	0	-	+	+	58	0	2153	0	s	s
seq8_65	seq8_167	1354	0	-	+	+	83	0	6480	0	s	s
seq8_114	seq8_167	1274	0	-	+	+	46	0	1074	0	s	s
seq8_18	seq8_167	1072	0	-	+	+	71	0	2585	0	s	s
seq8_188	seq8_128	19225	0	-	+	+	45	0	3511	0	s	s
seq8_137	seq8_128	14772	0	-	+	+	100	0	7785	0	s	s
seq8_147	seq8_128	8084	0	-	+	+	21	0	1651	0	s	s
seq8_185	seq8_128	7328	0	-	+	+	85	0	6591	0	s	s
seq8_175	seq8_128	5891	0	-	+	+	100	0	7785	0	s	s
seq8_176	seq8_128	6105	0	-	+	+	100	0	7785	0	s	s
seq8_132	seq8_128	4725	0	-	+	+	100	0	7785	0	s	s
seq8_113	seq8_128	4161	0	-	+	+	100	0	7785	0	s	s
seq8_141	seq8_128	3181	0	-	+	+	93	0	7203	0	s	s
seq8_99	seq8_128	1844	0	-	+	+	51	0	1883	0	s	s
seq8_65	seq8_128	1618	0	-	+	+	80	0	6216	0	s	s
seq8_18	seq8_128	1333	0	-	+	+	64	0	2324	0	s	s
seq8_167	seq8_128	249	0	-	+	+	100	0	7785	0	s	s
seq8_188	seq8_154	20695	0	-	+	+	19	0	2041	0	s	s
seq8_137	seq8_154	16274	0	-	+	+	68	0	7136	0	s	s
seq8_185	seq8_154	8817	0	-	+	+	48	0	5102	0	s	s
seq8_175	seq8_154	7393	0	-	+	+	69	0	7282	0	s	s
seq8_176	seq8_154	7607	0	-	+	+	97	0	10192	0	s	s
seq8_132	seq8_154	6227	0	-	+	+	100	0	10529	0	s	s
seq8_113	seq8_154	5663	0	-	+	+	100	0	10529	0	s	s
seq8_141	seq8_154	4683	0	-	+	+	55	0	5701	0	s	s
seq8_65	seq8_154	3115	0	-	+	+	60	0	4719	0	s	s
seq8_167	seq8_154	1751	0	-	+	+	100	0	10529	0	s	s
seq8_128	seq8_154	1502	0	-	+	+	81	0	6283	0	s	s
seq8_137	seq8_171	16679	0	-	+	+	39	0	6731	0	s	s
seq8_185	seq8_171	9219	0	-	+	+	34	0	4700	0	s	s
seq8_175	seq8_171	7798	0	-	+	+	47	0	6877	0	s	s
seq8_176	seq8_171	8012	0	-	+	+	57	0	9787	0	s	s
seq8_132	seq8_171	6632	0	-	+	+	69	0	11836	0	s	s
seq8_113	seq8_171	6068	0	-	+	+	79	0	13583	0	s	s
seq8_141	seq8_171	5088	0	-	+	+	51	0	5296	0	s	s
seq8_65	seq8_171	3521	0	-	+	+	55	0	4313	0	s	s
seq8_167	seq8_171	2156	0	-	+	+	100	0	17251	0	s	s
seq8_128	seq8_171	1907	0	-	+	+	76	0	5878	0	s	s
seq8_154	seq8_171	405	0	-	+	+	96	0	10124	0	s	s
seq8_137	seq8_134	17933	0	-	+	+	25	0	5477	0	s	s
seq8_185	seq8_134	10486	0	-	+	+	25	0	3433	0	s	s
seq8_175	seq8_134	9052	0	-	+	+	38	0	5623	0	s	s
seq8_176	seq8_134	9266	0	-	+	+	48	0	8533	0	s	s
seq8_132	seq8_134	7886	0	-	+	+	57	0	10582	0	s	s
seq8_113	seq8_134	7322	0	-	+	+	63	0	12329	0	s	s
seq8_141	seq8_134	6342	0	-	+	+	39	0	4042	0	s	s
seq8_65	seq8_134	4778	0	-	+	+	39	0	3056	0	s	s
seq8_167	seq8_134	3410	0	-	+	+	100	0	22219	0	s	s
seq8_128	seq8_134	3161	0	-	+	+	59	0	4624	0	s	s
seq8_154	seq8_134	1659	0	-	+	+	84	0	8870	0	s	s
seq8_171	seq8_134	1254	0	-	+	+	93	0	15997	0	s	s
seq8_137	seq8_182	18447	0	-	+	+	67	0	4963	0	s	s
seq8_185	seq8_182	10989	0	-	+	+	39	0	2930	0	s	s
seq8_175	seq8_182	9566	0	-	+	+	69	0	5109	0	s	s
seq8_176	seq8_182	9780	0	-	+	+	100	0	7431	0	s	s
seq8_132	seq8_182	8400	0	-	+	+	100	0	7431	0	s	s
seq8_113	seq8_182	7836	0	-	+	+	100	0	7431	0	s	s
seq8_141	seq8_182	6856	0	-	+	+	47	0	3528	0	s	s
seq8_65	seq8_182	5290	0	-	+	+	34	0	2544	0	s	s
seq8_167	seq8_182	3924	0	-	+	+	100	0	7431	0	s	s
seq8_128	seq8_182	3675	0	-	+	+	55	0	4110	0	s	s
seq8_154	seq8_182	2173	0	-	+	+	100	0	7431	0	s	s
seq8_171	seq8_182	1768	0	-	+	+	100	0	7431	0	s	s
seq8_134	seq8_182	514	0	-	+	+	100	0	7431	0	s	s
seq8_137	seq8_75	19186	0	-	+	+	52	0	4224	0	s	s
seq8_185	seq8_75	11739	0	-	+	+	27	0	2180	0	s	s
seq8_175	seq8_75	10305	0	-	+	+	54	0	4370	0	s	s
seq8_176	seq8_75	10519	0	-	+	+	90	0	7280	0	s	s
seq8_132	seq8_75	9139	0	-	+	+	100	0	8047	0	s	s
seq8_113	seq8_75	8575	0	-	+	+	100	0	8047	0	s	s
seq8_141	seq8_75	7595	0	-	+	+	35	0	2789	0	s	s
seq8_65	seq8_75	6040	0	-	+	+	23	0	1794	0	s	s
seq8_167	seq8_75	4663	0	-	+	+	100	0	8047	0	s	s
seq8_128	seq8_75	4414	0	-	+	+	43	0	3371	0	s	s
seq8_154	seq8_75	2912	0	-	+	+	95	0	7617	0	s	s
seq8_171	seq8_75	2507	0	-	+	+	100	0	8047	0	s	s
seq8_134	seq8_75	1253	0	-	+	+	100	0	8047	0	s	s
seq8_182	seq8_75	739	0	-	+	+	90	0	6692	0	s	s
seq8_137	seq8_52	19296	0	-	+	+	100	0	3059	0	s	s
seq8_185	seq8_52	11835	0	-	+	+	68	0	2084	0	s	s
seq8_175	seq8_52	10415	0	-	+	+	100	0	3059	0	s	s
seq8_176	seq8_52	10629	0	-	+	+	100	0	3059	0	s	s
seq8_132	seq8_52	9249	0	-	+	+	100	0	3059	0	s	s
seq8_113	seq8_52	8685	0	-	+	+	100	0	3059	0	s	s
seq8_141	seq8_52	7705	0	-	+	+	88	0	2679	0	s	s
seq8_65	seq8_52	6128	0	-	+	+	56	0	1706	0	s	s
seq8_167	seq8_52	4773	0	-	+	+	100	0	3059	0	s	s
seq8_128	seq8_52	4524	0	-	+	+	100	0	3059	0	s	s
seq8_154	seq8_52	3022	0	-	+	+	100	0	3059	0	s	s
seq8_171	seq8_52	2617	0	-	+	+	100	0	3059	0	s	s
seq8_134	seq8_52	1363	0	-	+	+	100	0	3059	0	s	s
seq8_182	seq8_52	849	0	-	+	+	100	0	3059	0	s	s
seq8_75	seq8_52	110	0	-	+	+	100	0	3059	0	s	s
seq8_137	seq8_95	19394	0	-	+	+	44	0	4016	0	s	s
seq8_185	seq8_95	11950	0	-	+	+	21	0	1969	0	s	s
seq8_175	seq8_95	10513	0	-	+	+	45	0	4162	0	s	s
seq8_176	seq8_95	10727	0	-	+	+	77	0	7072	0	s	s
seq8_132	seq8_95	9347	0	-	+	+	99	0	9121	0	s	s
seq8_113	seq8_95	8783	0	-	+	+	100	0	9194	0	s	s
seq8_141	seq8_95	7803	0	-	+	+	28	0	2581	0	s	s
seq8_65	seq8_95	6253	0	-	+	+	20	0	1581	0	s	s
seq8_167	seq8_95	4871	0	-	+	+	100	0	9194	0	s	s
seq8_128	seq8_95	4622	0	-	+	+	41	0	3163	0	s	s
seq8_154	seq8_95	3120	0	-	+	+	81	0	7409	0	s	s
seq8_171	seq8_95	2715	0	-	+	+	100	0	9194	0	s	s
seq8_134	seq8_95	1461	0	-	+	+	100	0	9194	0	s	s
seq8_182	seq8_95	947	0	-	+	+	87	0	6484	0	s	s
seq8_75	seq8_95	208	0	-	+	+	97	0	7839	0	s	s
seq8_52	seq8_95	98	0	-	+	+	97	0	2961	0	s	s
seq8_137	seq8_4	19794	0	-	+	+	100	0	1997	0	s	s
seq8_185	seq8_4	12355	0	-	+	+	78	0	1564	0	s	s
seq8_175	seq8_4	10913	0	-	+	+	100	0	1997	0	s	s
seq8_176	seq8_4	11127	0	-	+	+	100	0	1997	0	s	s
seq8_132	seq8_4	9747	0	-	+	+	100	0	1997	0	s	s
seq8_113	seq8_4	9183	0	-	+	+	100	0	1997	0	s	s
seq8_141	seq8_4	8203	0	-	+	+	100	0	1997	0	s	s
seq8_65	seq8_4	6639	0	-	+	+	60	0	1195	0	s	s
seq8_167	seq8_4	5271	0	-	+	+	100	0	1997	0	s	s
seq8_128	seq8_4	5022	0	-	+	+	100	0	1997	0	s	s
seq8_154	seq8_4	3520	0	-	+	+	100	0	1997	0	s	s
seq8_171	seq8_4	3115	0	-	+	+	100	0	1997	0	s	s
seq8_134	seq8_4	1861	0	-	+	+	100	0	1997	0	s	s
seq8_182	seq8_4	1347	0	-	+	+	100	0	1997	0	s	s
seq8_75	seq8_4	608	0	-	+	+	100	0	1997	0	s	s
seq8_52	seq8_4	498	0	-	+	+	100	0	1997	0	s	s
seq8_95	seq8_4	400	0	-	+	+	100	0	1997	0	s	s
seq8_137	seq8_37	20906	0	-	+	+	48	0	2504	0	s	s
seq8_175	seq8_37	12025	0	-	+	+	50	0	2650	0	s	s
seq8_176	seq8_37	12239	0	-	+	+	100	0	5267	0	s	s
seq8_132	seq8_37	10859	0	-	+	+	100	0	5267	0	s	s
seq8_113	seq8_37	10295	0	-	+	+	100	0	5267	0	s	s
seq8_141	seq8_37	9315	0	-	+	+	20	0	1069	0	s	s
seq8_167	seq8_37	6383	0	-	+	+	100	0	5267	0	s	s
seq8_128	seq8_37	6134	0	-	+	+	31	0	1651	0	s	s
seq8_154	seq8_37	4632	0	-	+	+	100	0	5267	0	s	s
seq8_171	seq8_37	4227	0	-	+	+	100	0	5267	0	s	s
seq8_134	seq8_37	2973	0	-	+	+	100	0	5267	0	s	s
seq8_182	seq8_37	2459	0	-	+	+	94	0	4972	0	s	s
seq8_75	seq8_37	1720	0	-	+	+	100	0	5267	0	s	s
seq8_52	seq8_37	1610	0	-	+	+	47	0	1449	0	s	s
seq8_95	seq8_37	1512	0	-	+	+	100	0	5267	0	s	s
